sample,model,provider,tool_choice,result_key,sample_idx,conv_id,turn_id,user_prompt,response_text,response_chunk_index,response_chunk_text,citation_urls,citation_markers,checked_source_count,entailment_source_bucket,entailment_source_type,entailed_url,entailed_domain,entailed_title,judge_nli_label,judge_nli_score,judge_nli_reasoning,judge_entailed,bert_nli_label,bert_nli_confidence,bert_nli_reasoning,bert_entailed,attribution_entailed,entailed,Unknown,checked_sources
0,deepseek-v4-flash,deepseek,auto,web::6a8712d5-bc24-83ed-a880-52106c9c8a40::aa46c3d4-d77f-41cd-922a-bda37bb6d346,0,6a8712d5-bc24-83ed-a880-52106c9c8a40,aa46c3d4-d77f-41cd-922a-bda37bb6d346,What are the News today?,"I'll search for today's news for you.
Based on my search of today's news, here's a summary of the top stories making headlines right now:

## 🌍 Top News Today

### US Politics & Legal
- **James Comey indicted**: The former FBI director has been indicted on two charges, which he says are politically motivated following pressure from Trump on prosecutors.
- **Trumps tariffs escalation**: President Trump has threatened 50% tariffs on the EU and 25% on iPhones, causing US and European stock markets to fall. Trade talks with the EU are reportedly ""going nowhere.""
- **TikTok deal**: Trump says a deal on TikTok's future in the US has been made, but it hasn't been confirmed by China or ByteDance.
- **Supreme Court rulings**: SCOTUS struck down restrictions on carrying guns on private property and cleared the way for Trump to revive immigration policies (ending protections for Haitians and Syrians).

### Middle East
- **Gaza conflict**: Hamas formally rejected an Israeli ceasefire offer, saying it wants a deal freeing all hostages in exchange for ending the war. Israeli forces also raided and shut down a major hospital in northern Gaza.
- **US-Iran tensions**: Trump said he's holding off on new strikes against Iran after discussions with Gulf allies, though pressure on Tehran continues.
- **Tony Blair talks**: The former UK PM is reportedly in discussions to run a transitional Gaza authority.

### Global
- **Venezuela earthquakes**: At least 164 people dead and 971 injured after twin powerful earthquakes struck the country.
- **US-China trade war**: The US laid out plans to hit Chinese ships with port fees, and China's neighbors are caught between the two superpowers.
- **Ukraine**: Russia and Ukraine took part in the biggest prisoner swap since the 2022 invasion, while Ukraine said an outline of a minerals deal with the US was signed.
- **Google monopoly**: A judge ruled Google has an illegal advertising monopoly—its second major antitrust loss.

### Business & Tech
- **Ola struggles**: India's EV pioneer faces falling sales amid rising competition and regulatory scrutiny.
- **Harvard**: A judge temporarily blocked Trump's plan to stop Harvard enrolling foreign students.

### Other Notable Stories
- **Venezuela quake survivor** pulled out alive after eight days.
- **Deportation controversy**: A US senator met a man mistakenly deported to El Salvador.
- **King Charles III** expected to reveal his personal tax bill.

---

Would you like me to dig deeper into any particular story or category (politics, business, sports, entertainment, etc.)?",0,James Comey has been indicted on two charges.,[],[],15,Parametric Knowledge,Unknown,,,,,0.0,,False,,0.0,,False,False,False,True,"[{'url': 'https://edition.cnn.com/2026/08/23/world/video/22920342-pencecanadatrade-vrtc', 'domain': 'edition.cnn.com', 'title': 'Former VP Pence says trade war with Canada is ‘last thing we need right now’ | CNN', 'source_type': 'Retrieved', 'source_bucket': 'Retrieved Sources', 'source_content_chars': 375, 'judge_nli_label': 'neutral', 'judge_nli_score': 3.0, 'judge_nli_reasoning': 'The source content discusses issues related to Iranian women and protests, but it does not mention James Comey or any charges against him.', 'judge_entailed': False, 'bert_nli_label': '', 'bert_nli_confidence': 0.0, 'bert_nli_reasoning': '', 'bert_entailed': False}, {'url': 'https://www.bbc.com/news?pStoreID=bizclubgold/gb-en/shop/tech-takes/best-laptops-for-data-science-and-data-analysis?pStoreID=bizclubgold/gb-en/shop/tech-takes/best-laptops-for-data-science-and-data-analysis?pStoreID=bizclubgold/gb-en/shop?pStoreID=bizclubgold/gb-en/shop?pStoreID=bizclubgold/gb-en/shop?pStoreID=bizclubgold/gb-en/shop/tech-takes/best-laptops-for-data-science-and-data-analysis?pStoreID=bizclubgold/gb-en/shop/tech-takes/best-laptops-for-data-science-and-data-analysis?pStoreID=bizclubgold/gb-en/shop?pStoreID=bizclubgold/gb-en/shop?pStoreID=bizclubgold/gb-en/shop/tech-takes/best-laptops-for-data-science-and-data-analysis?pStoreID=bizclubgold/gb-en/shop/tech-takes/best-laptops-for-data-science-and-data-analysis?pStoreID=bizclubgold/gb-en/shop?pStoreID=bizclubgold/gb-en/shop/tech-takes/best-laptops-for-data-science-and-data-analysis?pStoreID=bizclubgold/gb-en/shop/tech-takes/best-laptops-for-data-science-and-data-analysis?pStoreID=bizclubgold/gb-en/shop/tech-takes/best-laptops-for-data-science-and-data-analysis?pStoreID=bizclubgold/1000#1', 'domain': 'bbc.com', 'title': 'Home - BBC News - NewsNewsUS senator meets man mistakenly deported to El Salvador But Salvadoran President Bukele says Kilmar Ábrego García - who ...', 'source_type': 'Retrieved', 'source_bucket': 'Retrieved Sources', 'source_content_chars': 9163, 'judge_nli_label': 'neutral', 'judge_nli_score': 3.0, 'judge_nli_reasoning': 'The source content does not mention James Comey or any charges against him, so it does not provide enough information to support or contradict the claim in the response chunk.', 'judge_entailed': False, 'bert_nli_label': '', 'bert_nli_confidence': 0.0, 'bert_nli_reasoning': '', 'bert_entailed': False}, {'url': 'https://www.bbc.com/news?pStoreID=intuit/gb-en/shop?pStoreID=intuit/gb-en/shop/offer.aspx?p=c-gaming-promotion,intuit/1000#1', 'domain': 'bbc.com', 'title': 'BBC News - Breaking news, video and the latest top stories from the U.S. and around the world - NewsNewsTrump threatens 50% tariffs on EU and 25% on iPhonesShares in the US and Europe fall after the US president says trade t...', 'source_type': 'Retrieved', 'source_bucket': 'Retrieved Sources', 'source_content_chars': 9163, 'judge_nli_label': 'neutral', 'judge_nli_score': 3.0, 'judge_nli_reasoning': 'The source content does not mention James Comey or any charges against him, so it does not provide enough information to support or contradict the claim in the response chunk.', 'judge_entailed': False, 'bert_nli_label': '', 'bert_nli_confidence': 0.0, 'bert_nli_reasoning': '', 'bert_entailed': False}, {'url': 'https://images.thedailystar.net/news/world?page=20', 'domain': 'images.thedailystar.net', 'title': 'World | The Daily Star', 'source_type': 'Retrieved', 'source_bucket': 'Retrieved Sources', 'source_content_chars': 0, 'judge_nli_label': '', 'judge_nli_score': 0.0, 'judge_nli_reasoning': '', 'judge_entailed': False, 'bert_nli_label': '', 'bert_nli_confidence': 0.0, 'bert_nli_reasoning': '', 'bert_entailed': False}, {'url': 'https://www.postandcourier.com/nation-world/around-the-world-in-2-minutes/article_aaf11595-231f-4742-ba02-be7c92947176.html', 'domain': 'postandcourier.com', 'title': 'Around the world in 2 minutes', 'source_type': 'Retrieved', 'source_bucket': 'Retrieved Sources', 'source_content_chars': 0, 'judge_nli_label': '', 'judge_nli_score': 0.0, 'judge_nli_reasoning': '', 'judge_entailed': False, 'bert_nli_label': '', 'bert_nli_confidence': 0.0, 'bert_nli_reasoning': '', 'bert_entailed': False}, {'url': 'https://www.bbc.com/?t=16325#1', 'domain': 'bbc.com', 'title': ""BBC Home - Breaking News, World News, US News, Sports, Business, Innovation, Climate, Culture, Travel, Video & Audio - Comey indictment escalates Trump's promise of political retributionThe criminal case against Comey fulfils the president's desir..."", 'source_type': 'Retrieved', 'source_bucket': 'Retrieved Sources', 'source_content_chars': 222, 'judge_nli_label': 'neutral', 'judge_nli_score': 3.0, 'judge_nli_reasoning': 'The source content discusses films to watch and does not mention James Comey or any legal charges, providing no information to support or contradict the claim about his indictment.', 'judge_entailed': False, 'bert_nli_label': '', 'bert_nli_confidence': 0.0, 'bert_nli_reasoning': '', 'bert_entailed': False}, {'url': 'https://abc7news.com/us-world/?userab=abcn_du_cat_topic_feature_holdout-474*variant_b_redesign-1939,abcn_popular_reads_exp-497*variant_a_control-2076,abcn_ad_cadence-481*control-a-1962,abcn_news_for_you_exp-496*variant_a_control-2074', 'domain': 'abc7news.com', 'title': 'U.S & World News | Breaking News & Video | ABC7 KGO-TV', 'source_type': 'Retrieved', 'source_bucket': 'Retrieved Sources', 'source_content_chars': 3428, 'judge_nli_label': 'neutral', 'judge_nli_score': 3.0, 'judge_nli_reasoning': 'The source content does not mention James Comey or any charges against him, so there is insufficient information to support or contradict the claim in the response chunk.', 'judge_entailed': False, 'bert_nli_label': '', 'bert_nli_confidence': 0.0, 'bert_nli_reasoning': '', 'bert_entailed': False}, {'url': 'https://www.wistv.com:443/news/national/#1', 'domain': 'wistv.com:443', 'title': 'National - Skip to content', 'source_type': 'Retrieved', 'source_bucket': 'Retrieved Sources', 'source_content_chars': 15609, 'judge_nli_label': 'neutral', 'judge_nli_score': 3.0, 'judge_nli_reasoning': 'The source content does not mention James Comey or any charges against him, so there is insufficient information to determine the truth of the claim in the response chunk.', 'judge_entailed': False, 'bert_nli_label': '', 'bert_nli_confidence': 0.0, 'bert_nli_reasoning': '', 'bert_entailed': False}, {'url': 'https://www.thedailystar.net/news/world?archive=2013-12-17&page=2222#1', 'domain': 'thedailystar.net', 'title': 'World | The Daily Star - Russia pummels Kyiv as Zelensky heads to US', 'source_type': 'Retrieved', 'source_bucket': 'Retrieved Sources', 'source_content_chars': 218, 'judge_nli_label': 'neutral', 'judge_nli_score': 3.0, 'judge_nli_reasoning': ""The source content discusses Kofi Annan's views on global leadership and does not mention James Comey or any charges against him."", 'judge_entailed': False, 'bert_nli_label': '', 'bert_nli_confidence': 0.0, 'bert_nli_reasoning': '', 'bert_entailed': False}, {'url': 'https://www.lbc.co.uk/?mi_u=9774b3a6e03343169181942884006342&mi_ecmp=evening(6pm)&utm_source=crm_LBC&utm_medium=email&utm_campaign=newsletter&utm_content=&mi_cmp=a112e7ce887fa34a~9732750~~~~~~&mi_sc=t#1', 'domain': 'lbc.co.uk', 'title': 'Latest Breaking UK and World News & Opinion | LBC - Nick Ferrari', 'source_type': 'Retrieved', 'source_bucket': 'Retrieved Sources', 'source_content_chars': 251, 'judge_nli_label': 'neutral', 'judge_nli_score': 3.0, 'judge_nli_reasoning': 'The source content discusses a tragic accident and does not mention James Comey or any legal charges against him, leaving the relationship between the response chunk and the source content unclear.', 'judge_entailed': False, 'bert_nli_label': '', 'bert_nli_confidence': 0.0, 'bert_nli_reasoning': '', 'bert_entailed': False}, {'url': 'https://www.bbc.com/news?xtor=ES-208-[72329_NEWS_NLB_INT_WK18_THU_2_MAY.html]-20240502-[bbcnews_bbcnewsfooter_nogenre]#1', 'domain': 'bbc.com', 'title': 'BBC News - Breaking news, video and the latest top stories from the U.S. and around the world - NewsOn the Strait of Hormuz, BBC finds seized ships and shark fishermen as uneasy calm returnsThe BBC visits Bandar Abbas to see...', 'source_type': 'Retrieved', 'source_bucket': 'Retrieved Sources', 'source_content_chars': 9163, 'judge_nli_label': 'neutral', 'judge_nli_score': 3.0, 'judge_nli_reasoning': 'The source content does not mention James Comey or any charges against him, so it does not provide enough information to support or contradict the claim in the response chunk.', 'judge_entailed': False, 'bert_nli_label': '', 'bert_nli_confidence': 0.0, 'bert_nli_reasoning': '', 'bert_entailed': False}, {'url': 'https://abcnews.go.com/?id=4318311&page=1', 'domain': 'abcnews.go.com', 'title': 'ABC News – Breaking News, Latest News and Videos', 'source_type': 'Retrieved', 'source_bucket': 'Retrieved Sources', 'source_content_chars': 11417, 'judge_nli_label': 'neutral', 'judge_nli_score': 3.0, 'judge_nli_reasoning': 'The source content does not mention anything about James Comey being indicted on two charges, so there is not enough information to support or contradict the response chunk.', 'judge_entailed': False, 'bert_nli_label': '', 'bert_nli_confidence': 0.0, 'bert_nli_reasoning': '', 'bert_entailed': False}, {'url': 'https://www.kcrg.com/news/national/26-Victims-To-Get-597-Million-In-Penn-State-Abuse-Scandal-229578141.html#1', 'domain': 'kcrg.com', 'title': 'National News - Skip to content', 'source_type': 'Retrieved', 'source_bucket': 'Retrieved Sources', 'source_content_chars': 15453, 'judge_nli_label': 'neutral', 'judge_nli_score': 3.0, 'judge_nli_reasoning': 'The source content does not mention James Comey or any indictment, so there is insufficient information to confirm or deny the claim in the response chunk.', 'judge_entailed': False, 'bert_nli_label': '', 'bert_nli_confidence': 0.0, 'bert_nli_reasoning': '', 'bert_entailed': False}, {'url': 'https://www.yicai.com/news/102739578.html', 'domain': 'yicai.com', 'title': '泰国代理总理：需谨慎应对当前事态', 'source_type': 'Retrieved', 'source_bucket': 'Retrieved Sources', 'source_content_chars': 595, 'judge_nli_label': 'neutral', 'judge_nli_score': 3.0, 'judge_nli_reasoning': 'The source content discusses a statement from the Thai acting prime minister and does not mention James Comey or any charges against him, leaving the relationship between the two unclear.', 'judge_entailed': False, 'bert_nli_label': '', 'bert_nli_confidence': 0.0, 'bert_nli_reasoning': '', 'bert_entailed': False}, {'url': 'https://www.aastocks.com/sc/mobile/news.aspx?newsid=GLH2627105L&newstype=61&newssource=GLH', 'domain': 'aastocks.com', 'title': '财经新闻 Financial News', 'source_type': 'Retrieved', 'source_bucket': 'Retrieved Sources', 'source_content_chars': 294, 'judge_nli_label': 'neutral', 'judge_nli_score': 3.0, 'judge_nli_reasoning': 'The source content does not provide any information regarding James Comey or any charges against him, making it impossible to determine the truth of the response chunk.', 'judge_entailed': False, 'bert_nli_label': '', 'bert_nli_confidence': 0.0, 'bert_nli_reasoning': '', 'bert_entailed': False}]"
0,deepseek-v4-flash,deepseek,auto,web::6a8712d5-bc24-83ed-a880-52106c9c8a40::aa46c3d4-d77f-41cd-922a-bda37bb6d346,0,6a8712d5-bc24-83ed-a880-52106c9c8a40,aa46c3d4-d77f-41cd-922a-bda37bb6d346,What are the News today?,"I'll search for today's news for you.
Based on my search of today's news, here's a summary of the top stories making headlines right now:

## 🌍 Top News Today

### US Politics & Legal
- **James Comey indicted**: The former FBI director has been indicted on two charges, which he says are politically motivated following pressure from Trump on prosecutors.
- **Trumps tariffs escalation**: President Trump has threatened 50% tariffs on the EU and 25% on iPhones, causing US and European stock markets to fall. Trade talks with the EU are reportedly ""going nowhere.""
- **TikTok deal**: Trump says a deal on TikTok's future in the US has been made, but it hasn't been confirmed by China or ByteDance.
- **Supreme Court rulings**: SCOTUS struck down restrictions on carrying guns on private property and cleared the way for Trump to revive immigration policies (ending protections for Haitians and Syrians).

### Middle East
- **Gaza conflict**: Hamas formally rejected an Israeli ceasefire offer, saying it wants a deal freeing all hostages in exchange for ending the war. Israeli forces also raided and shut down a major hospital in northern Gaza.
- **US-Iran tensions**: Trump said he's holding off on new strikes against Iran after discussions with Gulf allies, though pressure on Tehran continues.
- **Tony Blair talks**: The former UK PM is reportedly in discussions to run a transitional Gaza authority.

### Global
- **Venezuela earthquakes**: At least 164 people dead and 971 injured after twin powerful earthquakes struck the country.
- **US-China trade war**: The US laid out plans to hit Chinese ships with port fees, and China's neighbors are caught between the two superpowers.
- **Ukraine**: Russia and Ukraine took part in the biggest prisoner swap since the 2022 invasion, while Ukraine said an outline of a minerals deal with the US was signed.
- **Google monopoly**: A judge ruled Google has an illegal advertising monopoly—its second major antitrust loss.

### Business & Tech
- **Ola struggles**: India's EV pioneer faces falling sales amid rising competition and regulatory scrutiny.
- **Harvard**: A judge temporarily blocked Trump's plan to stop Harvard enrolling foreign students.

### Other Notable Stories
- **Venezuela quake survivor** pulled out alive after eight days.
- **Deportation controversy**: A US senator met a man mistakenly deported to El Salvador.
- **King Charles III** expected to reveal his personal tax bill.

---

Would you like me to dig deeper into any particular story or category (politics, business, sports, entertainment, etc.)?",1,James Comey claims the charges are politically motivated following pressure from Trump on prosecutors.,[],[],15,Parametric Knowledge,Unknown,,,,,0.0,,False,,0.0,,False,False,False,True,"[{'url': 'https://edition.cnn.com/2026/08/23/world/video/22920342-pencecanadatrade-vrtc', 'domain': 'edition.cnn.com', 'title': 'Former VP Pence says trade war with Canada is ‘last thing we need right now’ | CNN', 'source_type': 'Retrieved', 'source_bucket': 'Retrieved Sources', 'source_content_chars': 375, 'judge_nli_label': 'neutral', 'judge_nli_score': 3.0, 'judge_nli_reasoning': ""The source content discusses issues related to Iranian women and their dress code, while the response chunk refers to James Comey's claims about politically motivated charges, which are unrelated topics."", 'judge_entailed': False, 'bert_nli_label': '', 'bert_nli_confidence': 0.0, 'bert_nli_reasoning': '', 'bert_entailed': False}, {'url': 'https://www.bbc.com/news?pStoreID=bizclubgold/gb-en/shop/tech-takes/best-laptops-for-data-science-and-data-analysis?pStoreID=bizclubgold/gb-en/shop/tech-takes/best-laptops-for-data-science-and-data-analysis?pStoreID=bizclubgold/gb-en/shop?pStoreID=bizclubgold/gb-en/shop?pStoreID=bizclubgold/gb-en/shop?pStoreID=bizclubgold/gb-en/shop/tech-takes/best-laptops-for-data-science-and-data-analysis?pStoreID=bizclubgold/gb-en/shop/tech-takes/best-laptops-for-data-science-and-data-analysis?pStoreID=bizclubgold/gb-en/shop?pStoreID=bizclubgold/gb-en/shop?pStoreID=bizclubgold/gb-en/shop/tech-takes/best-laptops-for-data-science-and-data-analysis?pStoreID=bizclubgold/gb-en/shop/tech-takes/best-laptops-for-data-science-and-data-analysis?pStoreID=bizclubgold/gb-en/shop?pStoreID=bizclubgold/gb-en/shop/tech-takes/best-laptops-for-data-science-and-data-analysis?pStoreID=bizclubgold/gb-en/shop/tech-takes/best-laptops-for-data-science-and-data-analysis?pStoreID=bizclubgold/gb-en/shop/tech-takes/best-laptops-for-data-science-and-data-analysis?pStoreID=bizclubgold/1000#1', 'domain': 'bbc.com', 'title': 'Home - BBC News - NewsNewsUS senator meets man mistakenly deported to El Salvador But Salvadoran President Bukele says Kilmar Ábrego García - who ...', 'source_type': 'Retrieved', 'source_bucket': 'Retrieved Sources', 'source_content_chars': 9163, 'judge_nli_label': 'neutral', 'judge_nli_score': 3.0, 'judge_nli_reasoning': ""The source content does not provide any information regarding James Comey's claims about charges being politically motivated or any pressure from Trump on prosecutors, making it impossible to determine the truth of the response chunk."", 'judge_entailed': False, 'bert_nli_label': '', 'bert_nli_confidence': 0.0, 'bert_nli_reasoning': '', 'bert_entailed': False}, {'url': 'https://www.bbc.com/news?pStoreID=intuit/gb-en/shop?pStoreID=intuit/gb-en/shop/offer.aspx?p=c-gaming-promotion,intuit/1000#1', 'domain': 'bbc.com', 'title': 'BBC News - Breaking news, video and the latest top stories from the U.S. and around the world - NewsNewsTrump threatens 50% tariffs on EU and 25% on iPhonesShares in the US and Europe fall after the US president says trade t...', 'source_type': 'Retrieved', 'source_bucket': 'Retrieved Sources', 'source_content_chars': 9163, 'judge_nli_label': 'neutral', 'judge_nli_score': 3.0, 'judge_nli_reasoning': ""The source content does not provide any information regarding James Comey's claims about the charges being politically motivated or any pressure from Trump on prosecutors, leaving the relationship between the response chunk and the source content unclear."", 'judge_entailed': False, 'bert_nli_label': '', 'bert_nli_confidence': 0.0, 'bert_nli_reasoning': '', 'bert_entailed': False}, {'url': 'https://images.thedailystar.net/news/world?page=20', 'domain': 'images.thedailystar.net', 'title': 'World | The Daily Star', 'source_type': 'Retrieved', 'source_bucket': 'Retrieved Sources', 'source_content_chars': 0, 'judge_nli_label': '', 'judge_nli_score': 0.0, 'judge_nli_reasoning': '', 'judge_entailed': False, 'bert_nli_label': '', 'bert_nli_confidence': 0.0, 'bert_nli_reasoning': '', 'bert_entailed': False}, {'url': 'https://www.postandcourier.com/nation-world/around-the-world-in-2-minutes/article_aaf11595-231f-4742-ba02-be7c92947176.html', 'domain': 'postandcourier.com', 'title': 'Around the world in 2 minutes', 'source_type': 'Retrieved', 'source_bucket': 'Retrieved Sources', 'source_content_chars': 0, 'judge_nli_label': '', 'judge_nli_score': 0.0, 'judge_nli_reasoning': '', 'judge_entailed': False, 'bert_nli_label': '', 'bert_nli_confidence': 0.0, 'bert_nli_reasoning': '', 'bert_entailed': False}, {'url': 'https://www.bbc.com/?t=16325#1', 'domain': 'bbc.com', 'title': ""BBC Home - Breaking News, World News, US News, Sports, Business, Innovation, Climate, Culture, Travel, Video & Audio - Comey indictment escalates Trump's promise of political retributionThe criminal case against Comey fulfils the president's desir..."", 'source_type': 'Retrieved', 'source_bucket': 'Retrieved Sources', 'source_content_chars': 222, 'judge_nli_label': 'neutral', 'judge_nli_score': 3.0, 'judge_nli_reasoning': 'The source content discusses films to watch and does not provide any information related to James Comey or political motivations regarding charges.', 'judge_entailed': False, 'bert_nli_label': '', 'bert_nli_confidence': 0.0, 'bert_nli_reasoning': '', 'bert_entailed': False}, {'url': 'https://abc7news.com/us-world/?userab=abcn_du_cat_topic_feature_holdout-474*variant_b_redesign-1939,abcn_popular_reads_exp-497*variant_a_control-2076,abcn_ad_cadence-481*control-a-1962,abcn_news_for_you_exp-496*variant_a_control-2074', 'domain': 'abc7news.com', 'title': 'U.S & World News | Breaking News & Video | ABC7 KGO-TV', 'source_type': 'Retrieved', 'source_bucket': 'Retrieved Sources', 'source_content_chars': 3428, 'judge_nli_label': 'neutral', 'judge_nli_score': 3.0, 'judge_nli_reasoning': 'The source content does not provide any information regarding James Comey, the charges, or any claims about political motivations related to Trump, making it impossible to determine the relationship.', 'judge_entailed': False, 'bert_nli_label': '', 'bert_nli_confidence': 0.0, 'bert_nli_reasoning': '', 'bert_entailed': False}, {'url': 'https://www.wistv.com:443/news/national/#1', 'domain': 'wistv.com:443', 'title': 'National - Skip to content', 'source_type': 'Retrieved', 'source_bucket': 'Retrieved Sources', 'source_content_chars': 15609, 'judge_nli_label': 'neutral', 'judge_nli_score': 3.0, 'judge_nli_reasoning': 'The source content does not provide any information regarding James Comey or his claims about charges being politically motivated due to pressure from Trump, leaving the relationship between the response chunk and the source content unclear.', 'judge_entailed': False, 'bert_nli_label': '', 'bert_nli_confidence': 0.0, 'bert_nli_reasoning': '', 'bert_entailed': False}, {'url': 'https://www.thedailystar.net/news/world?archive=2013-12-17&page=2222#1', 'domain': 'thedailystar.net', 'title': 'World | The Daily Star - Russia pummels Kyiv as Zelensky heads to US', 'source_type': 'Retrieved', 'source_bucket': 'Retrieved Sources', 'source_content_chars': 218, 'judge_nli_label': 'neutral', 'judge_nli_score': 3.0, 'judge_nli_reasoning': ""The source content discusses Kofi Annan's views on global leadership and does not mention James Comey or any claims about politically motivated charges, making it impossible to determine a relationship."", 'judge_entailed': False, 'bert_nli_label': '', 'bert_nli_confidence': 0.0, 'bert_nli_reasoning': '', 'bert_entailed': False}, {'url': 'https://www.lbc.co.uk/?mi_u=9774b3a6e03343169181942884006342&mi_ecmp=evening(6pm)&utm_source=crm_LBC&utm_medium=email&utm_campaign=newsletter&utm_content=&mi_cmp=a112e7ce887fa34a~9732750~~~~~~&mi_sc=t#1', 'domain': 'lbc.co.uk', 'title': 'Latest Breaking UK and World News & Opinion | LBC - Nick Ferrari', 'source_type': 'Retrieved', 'source_bucket': 'Retrieved Sources', 'source_content_chars': 251, 'judge_nli_label': 'neutral', 'judge_nli_score': 3.0, 'judge_nli_reasoning': 'The source content discusses a tragic accident and does not provide any information related to James Comey or political motivations regarding charges, making it impossible to determine a relationship.', 'judge_entailed': False, 'bert_nli_label': '', 'bert_nli_confidence': 0.0, 'bert_nli_reasoning': '', 'bert_entailed': False}, {'url': 'https://www.bbc.com/news?xtor=ES-208-[72329_NEWS_NLB_INT_WK18_THU_2_MAY.html]-20240502-[bbcnews_bbcnewsfooter_nogenre]#1', 'domain': 'bbc.com', 'title': 'BBC News - Breaking news, video and the latest top stories from the U.S. and around the world - NewsOn the Strait of Hormuz, BBC finds seized ships and shark fishermen as uneasy calm returnsThe BBC visits Bandar Abbas to see...', 'source_type': 'Retrieved', 'source_bucket': 'Retrieved Sources', 'source_content_chars': 9163, 'judge_nli_label': 'neutral', 'judge_nli_score': 3.0, 'judge_nli_reasoning': ""The source content does not provide any information regarding James Comey's claims about charges being politically motivated or any pressure from Trump on prosecutors, making it impossible to determine the truth of the response chunk."", 'judge_entailed': False, 'bert_nli_label': '', 'bert_nli_confidence': 0.0, 'bert_nli_reasoning': '', 'bert_entailed': False}, {'url': 'https://abcnews.go.com/?id=4318311&page=1', 'domain': 'abcnews.go.com', 'title': 'ABC News – Breaking News, Latest News and Videos', 'source_type': 'Retrieved', 'source_bucket': 'Retrieved Sources', 'source_content_chars': 11417, 'judge_nli_label': 'neutral', 'judge_nli_score': 3.0, 'judge_nli_reasoning': ""The source content does not provide any information regarding James Comey's claims about politically motivated charges or pressure from Trump on prosecutors, making it impossible to determine the truth of the response chunk."", 'judge_entailed': False, 'bert_nli_label': '', 'bert_nli_confidence': 0.0, 'bert_nli_reasoning': '', 'bert_entailed': False}, {'url': 'https://www.kcrg.com/news/national/26-Victims-To-Get-597-Million-In-Penn-State-Abuse-Scandal-229578141.html#1', 'domain': 'kcrg.com', 'title': 'National News - Skip to content', 'source_type': 'Retrieved', 'source_bucket': 'Retrieved Sources', 'source_content_chars': 15453, 'judge_nli_label': 'neutral', 'judge_nli_score': 3.0, 'judge_nli_reasoning': 'The source content does not provide any information regarding James Comey or his claims about charges being politically motivated due to pressure from Trump, leaving the relationship between the response chunk and the source content unclear.', 'judge_entailed': False, 'bert_nli_label': '', 'bert_nli_confidence': 0.0, 'bert_nli_reasoning': '', 'bert_entailed': False}, {'url': 'https://www.yicai.com/news/102739578.html', 'domain': 'yicai.com', 'title': '泰国代理总理：需谨慎应对当前事态', 'source_type': 'Retrieved', 'source_bucket': 'Retrieved Sources', 'source_content_chars': 595, 'judge_nli_label': 'neutral', 'judge_nli_score': 2.0, 'judge_nli_reasoning': 'The source content discusses a statement from the Thai acting prime minister regarding current events and does not mention James Comey, Trump, or any related charges, leaving the response chunk unsupported.', 'judge_entailed': False, 'bert_nli_label': '', 'bert_nli_confidence': 0.0, 'bert_nli_reasoning': '', 'bert_entailed': False}, {'url': 'https://www.aastocks.com/sc/mobile/news.aspx?newsid=GLH2627105L&newstype=61&newssource=GLH', 'domain': 'aastocks.com', 'title': '财经新闻 Financial News', 'source_type': 'Retrieved', 'source_bucket': 'Retrieved Sources', 'source_content_chars': 294, 'judge_nli_label': 'neutral', 'judge_nli_score': 3.0, 'judge_nli_reasoning': 'The source content does not provide any information regarding James Comey, the charges, or any political motivations, making it impossible to determine the relationship with the response chunk.', 'judge_entailed': False, 'bert_nli_label': '', 'bert_nli_confidence': 0.0, 'bert_nli_reasoning': '', 'bert_entailed': False}]"
0,deepseek-v4-flash,deepseek,auto,web::6a8712d5-bc24-83ed-a880-52106c9c8a40::aa46c3d4-d77f-41cd-922a-bda37bb6d346,0,6a8712d5-bc24-83ed-a880-52106c9c8a40,aa46c3d4-d77f-41cd-922a-bda37bb6d346,What are the News today?,"I'll search for today's news for you.
Based on my search of today's news, here's a summary of the top stories making headlines right now:

## 🌍 Top News Today

### US Politics & Legal
- **James Comey indicted**: The former FBI director has been indicted on two charges, which he says are politically motivated following pressure from Trump on prosecutors.
- **Trumps tariffs escalation**: President Trump has threatened 50% tariffs on the EU and 25% on iPhones, causing US and European stock markets to fall. Trade talks with the EU are reportedly ""going nowhere.""
- **TikTok deal**: Trump says a deal on TikTok's future in the US has been made, but it hasn't been confirmed by China or ByteDance.
- **Supreme Court rulings**: SCOTUS struck down restrictions on carrying guns on private property and cleared the way for Trump to revive immigration policies (ending protections for Haitians and Syrians).

### Middle East
- **Gaza conflict**: Hamas formally rejected an Israeli ceasefire offer, saying it wants a deal freeing all hostages in exchange for ending the war. Israeli forces also raided and shut down a major hospital in northern Gaza.
- **US-Iran tensions**: Trump said he's holding off on new strikes against Iran after discussions with Gulf allies, though pressure on Tehran continues.
- **Tony Blair talks**: The former UK PM is reportedly in discussions to run a transitional Gaza authority.

### Global
- **Venezuela earthquakes**: At least 164 people dead and 971 injured after twin powerful earthquakes struck the country.
- **US-China trade war**: The US laid out plans to hit Chinese ships with port fees, and China's neighbors are caught between the two superpowers.
- **Ukraine**: Russia and Ukraine took part in the biggest prisoner swap since the 2022 invasion, while Ukraine said an outline of a minerals deal with the US was signed.
- **Google monopoly**: A judge ruled Google has an illegal advertising monopoly—its second major antitrust loss.

### Business & Tech
- **Ola struggles**: India's EV pioneer faces falling sales amid rising competition and regulatory scrutiny.
- **Harvard**: A judge temporarily blocked Trump's plan to stop Harvard enrolling foreign students.

### Other Notable Stories
- **Venezuela quake survivor** pulled out alive after eight days.
- **Deportation controversy**: A US senator met a man mistakenly deported to El Salvador.
- **King Charles III** expected to reveal his personal tax bill.

---

Would you like me to dig deeper into any particular story or category (politics, business, sports, entertainment, etc.)?",2,President Trump has threatened 50% tariffs on the EU and 25% on iPhones.,[],[],15,Parametric Knowledge,Unknown,,,,,0.0,,False,,0.0,,False,False,False,True,"[{'url': 'https://edition.cnn.com/2026/08/23/world/video/22920342-pencecanadatrade-vrtc', 'domain': 'edition.cnn.com', 'title': 'Former VP Pence says trade war with Canada is ‘last thing we need right now’ | CNN', 'source_type': 'Retrieved', 'source_bucket': 'Retrieved Sources', 'source_content_chars': 375, 'judge_nli_label': 'neutral', 'judge_nli_score': 3.0, 'judge_nli_reasoning': ""The source content discusses Iranian women's dress and protests, which is unrelated to President Trump's tariffs on the EU and iPhones."", 'judge_entailed': False, 'bert_nli_label': '', 'bert_nli_confidence': 0.0, 'bert_nli_reasoning': '', 'bert_entailed': False}, {'url': 'https://www.bbc.com/news?pStoreID=bizclubgold/gb-en/shop/tech-takes/best-laptops-for-data-science-and-data-analysis?pStoreID=bizclubgold/gb-en/shop/tech-takes/best-laptops-for-data-science-and-data-analysis?pStoreID=bizclubgold/gb-en/shop?pStoreID=bizclubgold/gb-en/shop?pStoreID=bizclubgold/gb-en/shop?pStoreID=bizclubgold/gb-en/shop/tech-takes/best-laptops-for-data-science-and-data-analysis?pStoreID=bizclubgold/gb-en/shop/tech-takes/best-laptops-for-data-science-and-data-analysis?pStoreID=bizclubgold/gb-en/shop?pStoreID=bizclubgold/gb-en/shop?pStoreID=bizclubgold/gb-en/shop/tech-takes/best-laptops-for-data-science-and-data-analysis?pStoreID=bizclubgold/gb-en/shop/tech-takes/best-laptops-for-data-science-and-data-analysis?pStoreID=bizclubgold/gb-en/shop?pStoreID=bizclubgold/gb-en/shop/tech-takes/best-laptops-for-data-science-and-data-analysis?pStoreID=bizclubgold/gb-en/shop/tech-takes/best-laptops-for-data-science-and-data-analysis?pStoreID=bizclubgold/gb-en/shop/tech-takes/best-laptops-for-data-science-and-data-analysis?pStoreID=bizclubgold/1000#1', 'domain': 'bbc.com', 'title': 'Home - BBC News - NewsNewsUS senator meets man mistakenly deported to El Salvador But Salvadoran President Bukele says Kilmar Ábrego García - who ...', 'source_type': 'Retrieved', 'source_bucket': 'Retrieved Sources', 'source_content_chars': 9163, 'judge_nli_label': 'neutral', 'judge_nli_score': 3.0, 'judge_nli_reasoning': ""The source content does not provide any information regarding President Trump's tariffs on the EU or iPhones, so it cannot confirm or deny the claims made in the response chunk."", 'judge_entailed': False, 'bert_nli_label': '', 'bert_nli_confidence': 0.0, 'bert_nli_reasoning': '', 'bert_entailed': False}, {'url': 'https://www.bbc.com/news?pStoreID=intuit/gb-en/shop?pStoreID=intuit/gb-en/shop/offer.aspx?p=c-gaming-promotion,intuit/1000#1', 'domain': 'bbc.com', 'title': 'BBC News - Breaking news, video and the latest top stories from the U.S. and around the world - NewsNewsTrump threatens 50% tariffs on EU and 25% on iPhonesShares in the US and Europe fall after the US president says trade t...', 'source_type': 'Retrieved', 'source_bucket': 'Retrieved Sources', 'source_content_chars': 9163, 'judge_nli_label': 'neutral', 'judge_nli_score': 3.0, 'judge_nli_reasoning': ""The source content does not provide any information regarding President Trump's tariffs on the EU or iPhones, so it cannot confirm or deny the claims made in the response chunk."", 'judge_entailed': False, 'bert_nli_label': '', 'bert_nli_confidence': 0.0, 'bert_nli_reasoning': '', 'bert_entailed': False}, {'url': 'https://images.thedailystar.net/news/world?page=20', 'domain': 'images.thedailystar.net', 'title': 'World | The Daily Star', 'source_type': 'Retrieved', 'source_bucket': 'Retrieved Sources', 'source_content_chars': 0, 'judge_nli_label': '', 'judge_nli_score': 0.0, 'judge_nli_reasoning': '', 'judge_entailed': False, 'bert_nli_label': '', 'bert_nli_confidence': 0.0, 'bert_nli_reasoning': '', 'bert_entailed': False}, {'url': 'https://www.postandcourier.com/nation-world/around-the-world-in-2-minutes/article_aaf11595-231f-4742-ba02-be7c92947176.html', 'domain': 'postandcourier.com', 'title': 'Around the world in 2 minutes', 'source_type': 'Retrieved', 'source_bucket': 'Retrieved Sources', 'source_content_chars': 0, 'judge_nli_label': '', 'judge_nli_score': 0.0, 'judge_nli_reasoning': '', 'judge_entailed': False, 'bert_nli_label': '', 'bert_nli_confidence': 0.0, 'bert_nli_reasoning': '', 'bert_entailed': False}, {'url': 'https://www.bbc.com/?t=16325#1', 'domain': 'bbc.com', 'title': ""BBC Home - Breaking News, World News, US News, Sports, Business, Innovation, Climate, Culture, Travel, Video & Audio - Comey indictment escalates Trump's promise of political retributionThe criminal case against Comey fulfils the president's desir..."", 'source_type': 'Retrieved', 'source_bucket': 'Retrieved Sources', 'source_content_chars': 222, 'judge_nli_label': 'neutral', 'judge_nli_score': 3.0, 'judge_nli_reasoning': 'The source content discusses films to watch in September and does not provide any information related to President Trump or tariffs.', 'judge_entailed': False, 'bert_nli_label': '', 'bert_nli_confidence': 0.0, 'bert_nli_reasoning': '', 'bert_entailed': False}, {'url': 'https://abc7news.com/us-world/?userab=abcn_du_cat_topic_feature_holdout-474*variant_b_redesign-1939,abcn_popular_reads_exp-497*variant_a_control-2076,abcn_ad_cadence-481*control-a-1962,abcn_news_for_you_exp-496*variant_a_control-2074', 'domain': 'abc7news.com', 'title': 'U.S & World News | Breaking News & Video | ABC7 KGO-TV', 'source_type': 'Retrieved', 'source_bucket': 'Retrieved Sources', 'source_content_chars': 3428, 'judge_nli_label': 'neutral', 'judge_nli_score': 3.0, 'judge_nli_reasoning': 'The source content mentions that the US imposes 50% tariffs on products, but it does not specify that these tariffs are on the EU or iPhones, nor does it mention President Trump threatening these tariffs specifically.', 'judge_entailed': False, 'bert_nli_label': '', 'bert_nli_confidence': 0.0, 'bert_nli_reasoning': '', 'bert_entailed': False}, {'url': 'https://www.wistv.com:443/news/national/#1', 'domain': 'wistv.com:443', 'title': 'National - Skip to content', 'source_type': 'Retrieved', 'source_bucket': 'Retrieved Sources', 'source_content_chars': 15609, 'judge_nli_label': 'neutral', 'judge_nli_score': 3.0, 'judge_nli_reasoning': 'The source content does not mention any tariffs imposed by President Trump, so it does not provide enough information to support or contradict the claim about tariffs on the EU and iPhones.', 'judge_entailed': False, 'bert_nli_label': '', 'bert_nli_confidence': 0.0, 'bert_nli_reasoning': '', 'bert_entailed': False}, {'url': 'https://www.thedailystar.net/news/world?archive=2013-12-17&page=2222#1', 'domain': 'thedailystar.net', 'title': 'World | The Daily Star - Russia pummels Kyiv as Zelensky heads to US', 'source_type': 'Retrieved', 'source_bucket': 'Retrieved Sources', 'source_content_chars': 218, 'judge_nli_label': 'neutral', 'judge_nli_score': 3.0, 'judge_nli_reasoning': ""The source content discusses Kofi Annan's views on global leadership and does not mention President Trump or tariffs, leaving the relationship between the two unclear."", 'judge_entailed': False, 'bert_nli_label': '', 'bert_nli_confidence': 0.0, 'bert_nli_reasoning': '', 'bert_entailed': False}, {'url': 'https://www.lbc.co.uk/?mi_u=9774b3a6e03343169181942884006342&mi_ecmp=evening(6pm)&utm_source=crm_LBC&utm_medium=email&utm_campaign=newsletter&utm_content=&mi_cmp=a112e7ce887fa34a~9732750~~~~~~&mi_sc=t#1', 'domain': 'lbc.co.uk', 'title': 'Latest Breaking UK and World News & Opinion | LBC - Nick Ferrari', 'source_type': 'Retrieved', 'source_bucket': 'Retrieved Sources', 'source_content_chars': 251, 'judge_nli_label': 'neutral', 'judge_nli_score': 3.0, 'judge_nli_reasoning': 'The source content discusses a tragic accident and does not mention tariffs or President Trump, making it unrelated to the claims in the response chunk.', 'judge_entailed': False, 'bert_nli_label': '', 'bert_nli_confidence': 0.0, 'bert_nli_reasoning': '', 'bert_entailed': False}, {'url': 'https://www.bbc.com/news?xtor=ES-208-[72329_NEWS_NLB_INT_WK18_THU_2_MAY.html]-20240502-[bbcnews_bbcnewsfooter_nogenre]#1', 'domain': 'bbc.com', 'title': 'BBC News - Breaking news, video and the latest top stories from the U.S. and around the world - NewsOn the Strait of Hormuz, BBC finds seized ships and shark fishermen as uneasy calm returnsThe BBC visits Bandar Abbas to see...', 'source_type': 'Retrieved', 'source_bucket': 'Retrieved Sources', 'source_content_chars': 9163, 'judge_nli_label': 'neutral', 'judge_nli_score': 3.0, 'judge_nli_reasoning': ""The source content does not provide any information regarding President Trump's tariffs on the EU or iPhones, so it cannot confirm or deny the claims made in the response chunk."", 'judge_entailed': False, 'bert_nli_label': '', 'bert_nli_confidence': 0.0, 'bert_nli_reasoning': '', 'bert_entailed': False}, {'url': 'https://abcnews.go.com/?id=4318311&page=1', 'domain': 'abcnews.go.com', 'title': 'ABC News – Breaking News, Latest News and Videos', 'source_type': 'Retrieved', 'source_bucket': 'Retrieved Sources', 'source_content_chars': 11417, 'judge_nli_label': 'neutral', 'judge_nli_score': 3.0, 'judge_nli_reasoning': ""The source content does not provide any information regarding President Trump's tariffs on the EU or iPhones, so it cannot confirm or deny the claims made in the response chunk."", 'judge_entailed': False, 'bert_nli_label': '', 'bert_nli_confidence': 0.0, 'bert_nli_reasoning': '', 'bert_entailed': False}, {'url': 'https://www.kcrg.com/news/national/26-Victims-To-Get-597-Million-In-Penn-State-Abuse-Scandal-229578141.html#1', 'domain': 'kcrg.com', 'title': 'National News - Skip to content', 'source_type': 'Retrieved', 'source_bucket': 'Retrieved Sources', 'source_content_chars': 15453, 'judge_nli_label': 'neutral', 'judge_nli_score': 3.0, 'judge_nli_reasoning': ""The source content does not provide any information regarding President Trump's tariffs on the EU or iPhones, so it cannot confirm or deny the claims made in the response chunk."", 'judge_entailed': False, 'bert_nli_label': '', 'bert_nli_confidence': 0.0, 'bert_nli_reasoning': '', 'bert_entailed': False}, {'url': 'https://www.yicai.com/news/102739578.html', 'domain': 'yicai.com', 'title': '泰国代理总理：需谨慎应对当前事态', 'source_type': 'Retrieved', 'source_bucket': 'Retrieved Sources', 'source_content_chars': 595, 'judge_nli_label': 'neutral', 'judge_nli_score': 3.0, 'judge_nli_reasoning': 'The source content does not mention President Trump, tariffs, or any related economic policies, so it does not provide enough information to support or contradict the claims made in the response chunk.', 'judge_entailed': False, 'bert_nli_label': '', 'bert_nli_confidence': 0.0, 'bert_nli_reasoning': '', 'bert_entailed': False}, {'url': 'https://www.aastocks.com/sc/mobile/news.aspx?newsid=GLH2627105L&newstype=61&newssource=GLH', 'domain': 'aastocks.com', 'title': '财经新闻 Financial News', 'source_type': 'Retrieved', 'source_bucket': 'Retrieved Sources', 'source_content_chars': 294, 'judge_nli_label': 'neutral', 'judge_nli_score': 3.0, 'judge_nli_reasoning': ""The source content does not provide any information regarding President Trump's tariffs on the EU or iPhones, making it impossible to determine a relationship with the response chunk."", 'judge_entailed': False, 'bert_nli_label': '', 'bert_nli_confidence': 0.0, 'bert_nli_reasoning': '', 'bert_entailed': False}]"
0,deepseek-v4-flash,deepseek,auto,web::6a8712d5-bc24-83ed-a880-52106c9c8a40::aa46c3d4-d77f-41cd-922a-bda37bb6d346,0,6a8712d5-bc24-83ed-a880-52106c9c8a40,aa46c3d4-d77f-41cd-922a-bda37bb6d346,What are the News today?,"I'll search for today's news for you.
Based on my search of today's news, here's a summary of the top stories making headlines right now:

## 🌍 Top News Today

### US Politics & Legal
- **James Comey indicted**: The former FBI director has been indicted on two charges, which he says are politically motivated following pressure from Trump on prosecutors.
- **Trumps tariffs escalation**: President Trump has threatened 50% tariffs on the EU and 25% on iPhones, causing US and European stock markets to fall. Trade talks with the EU are reportedly ""going nowhere.""
- **TikTok deal**: Trump says a deal on TikTok's future in the US has been made, but it hasn't been confirmed by China or ByteDance.
- **Supreme Court rulings**: SCOTUS struck down restrictions on carrying guns on private property and cleared the way for Trump to revive immigration policies (ending protections for Haitians and Syrians).

### Middle East
- **Gaza conflict**: Hamas formally rejected an Israeli ceasefire offer, saying it wants a deal freeing all hostages in exchange for ending the war. Israeli forces also raided and shut down a major hospital in northern Gaza.
- **US-Iran tensions**: Trump said he's holding off on new strikes against Iran after discussions with Gulf allies, though pressure on Tehran continues.
- **Tony Blair talks**: The former UK PM is reportedly in discussions to run a transitional Gaza authority.

### Global
- **Venezuela earthquakes**: At least 164 people dead and 971 injured after twin powerful earthquakes struck the country.
- **US-China trade war**: The US laid out plans to hit Chinese ships with port fees, and China's neighbors are caught between the two superpowers.
- **Ukraine**: Russia and Ukraine took part in the biggest prisoner swap since the 2022 invasion, while Ukraine said an outline of a minerals deal with the US was signed.
- **Google monopoly**: A judge ruled Google has an illegal advertising monopoly—its second major antitrust loss.

### Business & Tech
- **Ola struggles**: India's EV pioneer faces falling sales amid rising competition and regulatory scrutiny.
- **Harvard**: A judge temporarily blocked Trump's plan to stop Harvard enrolling foreign students.

### Other Notable Stories
- **Venezuela quake survivor** pulled out alive after eight days.
- **Deportation controversy**: A US senator met a man mistakenly deported to El Salvador.
- **King Charles III** expected to reveal his personal tax bill.

---

Would you like me to dig deeper into any particular story or category (politics, business, sports, entertainment, etc.)?",3,The threat of tariffs has caused US and European stock markets to fall.,[],[],15,Parametric Knowledge,Unknown,,,,,0.0,,False,,0.0,,False,False,False,True,"[{'url': 'https://edition.cnn.com/2026/08/23/world/video/22920342-pencecanadatrade-vrtc', 'domain': 'edition.cnn.com', 'title': 'Former VP Pence says trade war with Canada is ‘last thing we need right now’ | CNN', 'source_type': 'Retrieved', 'source_bucket': 'Retrieved Sources', 'source_content_chars': 375, 'judge_nli_label': 'neutral', 'judge_nli_score': 3.0, 'judge_nli_reasoning': 'The source content discusses the situation of Iranian women and does not mention tariffs or stock markets, providing no information to support or contradict the claim about tariffs affecting US and European stock markets.', 'judge_entailed': False, 'bert_nli_label': '', 'bert_nli_confidence': 0.0, 'bert_nli_reasoning': '', 'bert_entailed': False}, {'url': 'https://www.bbc.com/news?pStoreID=bizclubgold/gb-en/shop/tech-takes/best-laptops-for-data-science-and-data-analysis?pStoreID=bizclubgold/gb-en/shop/tech-takes/best-laptops-for-data-science-and-data-analysis?pStoreID=bizclubgold/gb-en/shop?pStoreID=bizclubgold/gb-en/shop?pStoreID=bizclubgold/gb-en/shop?pStoreID=bizclubgold/gb-en/shop/tech-takes/best-laptops-for-data-science-and-data-analysis?pStoreID=bizclubgold/gb-en/shop/tech-takes/best-laptops-for-data-science-and-data-analysis?pStoreID=bizclubgold/gb-en/shop?pStoreID=bizclubgold/gb-en/shop?pStoreID=bizclubgold/gb-en/shop/tech-takes/best-laptops-for-data-science-and-data-analysis?pStoreID=bizclubgold/gb-en/shop/tech-takes/best-laptops-for-data-science-and-data-analysis?pStoreID=bizclubgold/gb-en/shop?pStoreID=bizclubgold/gb-en/shop/tech-takes/best-laptops-for-data-science-and-data-analysis?pStoreID=bizclubgold/gb-en/shop/tech-takes/best-laptops-for-data-science-and-data-analysis?pStoreID=bizclubgold/gb-en/shop/tech-takes/best-laptops-for-data-science-and-data-analysis?pStoreID=bizclubgold/1000#1', 'domain': 'bbc.com', 'title': 'Home - BBC News - NewsNewsUS senator meets man mistakenly deported to El Salvador But Salvadoran President Bukele says Kilmar Ábrego García - who ...', 'source_type': 'Retrieved', 'source_bucket': 'Retrieved Sources', 'source_content_chars': 9163, 'judge_nli_label': 'neutral', 'judge_nli_score': 3.0, 'judge_nli_reasoning': 'The source content mentions retaliatory tariffs and a trade war but does not provide specific information about the impact on US and European stock markets, leaving the relationship between the response chunk and the source content unclear.', 'judge_entailed': False, 'bert_nli_label': '', 'bert_nli_confidence': 0.0, 'bert_nli_reasoning': '', 'bert_entailed': False}, {'url': 'https://www.bbc.com/news?pStoreID=intuit/gb-en/shop?pStoreID=intuit/gb-en/shop/offer.aspx?p=c-gaming-promotion,intuit/1000#1', 'domain': 'bbc.com', 'title': 'BBC News - Breaking news, video and the latest top stories from the U.S. and around the world - NewsNewsTrump threatens 50% tariffs on EU and 25% on iPhonesShares in the US and Europe fall after the US president says trade t...', 'source_type': 'Retrieved', 'source_bucket': 'Retrieved Sources', 'source_content_chars': 9163, 'judge_nli_label': 'neutral', 'judge_nli_score': 3.0, 'judge_nli_reasoning': 'The source content discusses trade tensions and tariffs but does not explicitly mention their impact on US and European stock markets, leaving the relationship between the response chunk and the source content unclear.', 'judge_entailed': False, 'bert_nli_label': '', 'bert_nli_confidence': 0.0, 'bert_nli_reasoning': '', 'bert_entailed': False}, {'url': 'https://images.thedailystar.net/news/world?page=20', 'domain': 'images.thedailystar.net', 'title': 'World | The Daily Star', 'source_type': 'Retrieved', 'source_bucket': 'Retrieved Sources', 'source_content_chars': 0, 'judge_nli_label': '', 'judge_nli_score': 0.0, 'judge_nli_reasoning': '', 'judge_entailed': False, 'bert_nli_label': '', 'bert_nli_confidence': 0.0, 'bert_nli_reasoning': '', 'bert_entailed': False}, {'url': 'https://www.postandcourier.com/nation-world/around-the-world-in-2-minutes/article_aaf11595-231f-4742-ba02-be7c92947176.html', 'domain': 'postandcourier.com', 'title': 'Around the world in 2 minutes', 'source_type': 'Retrieved', 'source_bucket': 'Retrieved Sources', 'source_content_chars': 0, 'judge_nli_label': '', 'judge_nli_score': 0.0, 'judge_nli_reasoning': '', 'judge_entailed': False, 'bert_nli_label': '', 'bert_nli_confidence': 0.0, 'bert_nli_reasoning': '', 'bert_entailed': False}, {'url': 'https://www.bbc.com/?t=16325#1', 'domain': 'bbc.com', 'title': ""BBC Home - Breaking News, World News, US News, Sports, Business, Innovation, Climate, Culture, Travel, Video & Audio - Comey indictment escalates Trump's promise of political retributionThe criminal case against Comey fulfils the president's desir..."", 'source_type': 'Retrieved', 'source_bucket': 'Retrieved Sources', 'source_content_chars': 222, 'judge_nli_label': 'neutral', 'judge_nli_score': 3.0, 'judge_nli_reasoning': 'The source content discusses films to watch and does not provide any information about tariffs or stock markets.', 'judge_entailed': False, 'bert_nli_label': '', 'bert_nli_confidence': 0.0, 'bert_nli_reasoning': '', 'bert_entailed': False}, {'url': 'https://abc7news.com/us-world/?userab=abcn_du_cat_topic_feature_holdout-474*variant_b_redesign-1939,abcn_popular_reads_exp-497*variant_a_control-2076,abcn_ad_cadence-481*control-a-1962,abcn_news_for_you_exp-496*variant_a_control-2074', 'domain': 'abc7news.com', 'title': 'U.S & World News | Breaking News & Video | ABC7 KGO-TV', 'source_type': 'Retrieved', 'source_bucket': 'Retrieved Sources', 'source_content_chars': 3428, 'judge_nli_label': 'neutral', 'judge_nli_score': 3.0, 'judge_nli_reasoning': 'The source content mentions that Canada will retaliate as the US imposes tariffs, but it does not provide information about the impact of these tariffs on US and European stock markets.', 'judge_entailed': False, 'bert_nli_label': '', 'bert_nli_confidence': 0.0, 'bert_nli_reasoning': '', 'bert_entailed': False}, {'url': 'https://www.wistv.com:443/news/national/#1', 'domain': 'wistv.com:443', 'title': 'National - Skip to content', 'source_type': 'Retrieved', 'source_bucket': 'Retrieved Sources', 'source_content_chars': 15609, 'judge_nli_label': 'neutral', 'judge_nli_score': 3.0, 'judge_nli_reasoning': 'The source content does not provide any information regarding the impact of tariffs on US and European stock markets, so it cannot confirm or deny the claim made in the response chunk.', 'judge_entailed': False, 'bert_nli_label': '', 'bert_nli_confidence': 0.0, 'bert_nli_reasoning': '', 'bert_entailed': False}, {'url': 'https://www.thedailystar.net/news/world?archive=2013-12-17&page=2222#1', 'domain': 'thedailystar.net', 'title': 'World | The Daily Star - Russia pummels Kyiv as Zelensky heads to US', 'source_type': 'Retrieved', 'source_bucket': 'Retrieved Sources', 'source_content_chars': 218, 'judge_nli_label': 'neutral', 'judge_nli_score': 3.0, 'judge_nli_reasoning': ""The source content discusses Kofi Annan's views on global leadership and does not mention tariffs or stock markets, providing no information to support or contradict the response chunk."", 'judge_entailed': False, 'bert_nli_label': '', 'bert_nli_confidence': 0.0, 'bert_nli_reasoning': '', 'bert_entailed': False}, {'url': 'https://www.lbc.co.uk/?mi_u=9774b3a6e03343169181942884006342&mi_ecmp=evening(6pm)&utm_source=crm_LBC&utm_medium=email&utm_campaign=newsletter&utm_content=&mi_cmp=a112e7ce887fa34a~9732750~~~~~~&mi_sc=t#1', 'domain': 'lbc.co.uk', 'title': 'Latest Breaking UK and World News & Opinion | LBC - Nick Ferrari', 'source_type': 'Retrieved', 'source_bucket': 'Retrieved Sources', 'source_content_chars': 251, 'judge_nli_label': 'neutral', 'judge_nli_score': 3.0, 'judge_nli_reasoning': 'The source content discusses a tragic accident and does not mention tariffs or stock markets, providing no information to support or contradict the response chunk.', 'judge_entailed': False, 'bert_nli_label': '', 'bert_nli_confidence': 0.0, 'bert_nli_reasoning': '', 'bert_entailed': False}, {'url': 'https://www.bbc.com/news?xtor=ES-208-[72329_NEWS_NLB_INT_WK18_THU_2_MAY.html]-20240502-[bbcnews_bbcnewsfooter_nogenre]#1', 'domain': 'bbc.com', 'title': 'BBC News - Breaking news, video and the latest top stories from the U.S. and around the world - NewsOn the Strait of Hormuz, BBC finds seized ships and shark fishermen as uneasy calm returnsThe BBC visits Bandar Abbas to see...', 'source_type': 'Retrieved', 'source_bucket': 'Retrieved Sources', 'source_content_chars': 9163, 'judge_nli_label': 'neutral', 'judge_nli_score': 3.0, 'judge_nli_reasoning': 'The source content discusses trade tensions and tariffs but does not explicitly mention their impact on US and European stock markets, leaving the relationship between the response chunk and the source content unclear.', 'judge_entailed': False, 'bert_nli_label': '', 'bert_nli_confidence': 0.0, 'bert_nli_reasoning': '', 'bert_entailed': False}, {'url': 'https://abcnews.go.com/?id=4318311&page=1', 'domain': 'abcnews.go.com', 'title': 'ABC News – Breaking News, Latest News and Videos', 'source_type': 'Retrieved', 'source_bucket': 'Retrieved Sources', 'source_content_chars': 11417, 'judge_nli_label': 'neutral', 'judge_nli_score': 3.0, 'judge_nli_reasoning': 'The source content does not provide any information regarding the impact of tariffs on US and European stock markets, so it cannot confirm or deny the claim made in the response chunk.', 'judge_entailed': False, 'bert_nli_label': '', 'bert_nli_confidence': 0.0, 'bert_nli_reasoning': '', 'bert_entailed': False}, {'url': 'https://www.kcrg.com/news/national/26-Victims-To-Get-597-Million-In-Penn-State-Abuse-Scandal-229578141.html#1', 'domain': 'kcrg.com', 'title': 'National News - Skip to content', 'source_type': 'Retrieved', 'source_bucket': 'Retrieved Sources', 'source_content_chars': 15453, 'judge_nli_label': 'neutral', 'judge_nli_score': 3.0, 'judge_nli_reasoning': 'The source content does not provide any information regarding the impact of tariffs on US and European stock markets, so it cannot confirm or deny the claim made in the response chunk.', 'judge_entailed': False, 'bert_nli_label': '', 'bert_nli_confidence': 0.0, 'bert_nli_reasoning': '', 'bert_entailed': False}, {'url': 'https://www.yicai.com/news/102739578.html', 'domain': 'yicai.com', 'title': '泰国代理总理：需谨慎应对当前事态', 'source_type': 'Retrieved', 'source_bucket': 'Retrieved Sources', 'source_content_chars': 595, 'judge_nli_label': 'neutral', 'judge_nli_score': 3.0, 'judge_nli_reasoning': 'The source content discusses a statement by the Thai acting Prime Minister regarding the need for caution in response to current events, but it does not mention tariffs or their impact on US and European stock markets.', 'judge_entailed': False, 'bert_nli_label': '', 'bert_nli_confidence': 0.0, 'bert_nli_reasoning': '', 'bert_entailed': False}, {'url': 'https://www.aastocks.com/sc/mobile/news.aspx?newsid=GLH2627105L&newstype=61&newssource=GLH', 'domain': 'aastocks.com', 'title': '财经新闻 Financial News', 'source_type': 'Retrieved', 'source_bucket': 'Retrieved Sources', 'source_content_chars': 294, 'judge_nli_label': 'neutral', 'judge_nli_score': 3.0, 'judge_nli_reasoning': 'The source content does not provide any information regarding the impact of tariffs on US and European stock markets, making it impossible to determine the truth of the claim in the response chunk.', 'judge_entailed': False, 'bert_nli_label': '', 'bert_nli_confidence': 0.0, 'bert_nli_reasoning': '', 'bert_entailed': False}]"
0,deepseek-v4-flash,deepseek,auto,web::6a8712d5-bc24-83ed-a880-52106c9c8a40::aa46c3d4-d77f-41cd-922a-bda37bb6d346,0,6a8712d5-bc24-83ed-a880-52106c9c8a40,aa46c3d4-d77f-41cd-922a-bda37bb6d346,What are the News today?,"I'll search for today's news for you.
Based on my search of today's news, here's a summary of the top stories making headlines right now:

## 🌍 Top News Today

### US Politics & Legal
- **James Comey indicted**: The former FBI director has been indicted on two charges, which he says are politically motivated following pressure from Trump on prosecutors.
- **Trumps tariffs escalation**: President Trump has threatened 50% tariffs on the EU and 25% on iPhones, causing US and European stock markets to fall. Trade talks with the EU are reportedly ""going nowhere.""
- **TikTok deal**: Trump says a deal on TikTok's future in the US has been made, but it hasn't been confirmed by China or ByteDance.
- **Supreme Court rulings**: SCOTUS struck down restrictions on carrying guns on private property and cleared the way for Trump to revive immigration policies (ending protections for Haitians and Syrians).

### Middle East
- **Gaza conflict**: Hamas formally rejected an Israeli ceasefire offer, saying it wants a deal freeing all hostages in exchange for ending the war. Israeli forces also raided and shut down a major hospital in northern Gaza.
- **US-Iran tensions**: Trump said he's holding off on new strikes against Iran after discussions with Gulf allies, though pressure on Tehran continues.
- **Tony Blair talks**: The former UK PM is reportedly in discussions to run a transitional Gaza authority.

### Global
- **Venezuela earthquakes**: At least 164 people dead and 971 injured after twin powerful earthquakes struck the country.
- **US-China trade war**: The US laid out plans to hit Chinese ships with port fees, and China's neighbors are caught between the two superpowers.
- **Ukraine**: Russia and Ukraine took part in the biggest prisoner swap since the 2022 invasion, while Ukraine said an outline of a minerals deal with the US was signed.
- **Google monopoly**: A judge ruled Google has an illegal advertising monopoly—its second major antitrust loss.

### Business & Tech
- **Ola struggles**: India's EV pioneer faces falling sales amid rising competition and regulatory scrutiny.
- **Harvard**: A judge temporarily blocked Trump's plan to stop Harvard enrolling foreign students.

### Other Notable Stories
- **Venezuela quake survivor** pulled out alive after eight days.
- **Deportation controversy**: A US senator met a man mistakenly deported to El Salvador.
- **King Charles III** expected to reveal his personal tax bill.

---

Would you like me to dig deeper into any particular story or category (politics, business, sports, entertainment, etc.)?",4,Trade talks with the EU are reportedly going nowhere.,[],[],15,Parametric Knowledge,Unknown,,,,,0.0,,False,,0.0,,False,False,False,True,"[{'url': 'https://edition.cnn.com/2026/08/23/world/video/22920342-pencecanadatrade-vrtc', 'domain': 'edition.cnn.com', 'title': 'Former VP Pence says trade war with Canada is ‘last thing we need right now’ | CNN', 'source_type': 'Retrieved', 'source_bucket': 'Retrieved Sources', 'source_content_chars': 375, 'judge_nli_label': 'neutral', 'judge_nli_score': 3.0, 'judge_nli_reasoning': 'The source content discusses issues related to Iranian women and the US-Iran war, but it does not mention trade talks with the EU, leaving the relationship between the two statements unclear.', 'judge_entailed': False, 'bert_nli_label': '', 'bert_nli_confidence': 0.0, 'bert_nli_reasoning': '', 'bert_entailed': False}, {'url': 'https://www.bbc.com/news?pStoreID=bizclubgold/gb-en/shop/tech-takes/best-laptops-for-data-science-and-data-analysis?pStoreID=bizclubgold/gb-en/shop/tech-takes/best-laptops-for-data-science-and-data-analysis?pStoreID=bizclubgold/gb-en/shop?pStoreID=bizclubgold/gb-en/shop?pStoreID=bizclubgold/gb-en/shop?pStoreID=bizclubgold/gb-en/shop/tech-takes/best-laptops-for-data-science-and-data-analysis?pStoreID=bizclubgold/gb-en/shop/tech-takes/best-laptops-for-data-science-and-data-analysis?pStoreID=bizclubgold/gb-en/shop?pStoreID=bizclubgold/gb-en/shop?pStoreID=bizclubgold/gb-en/shop/tech-takes/best-laptops-for-data-science-and-data-analysis?pStoreID=bizclubgold/gb-en/shop/tech-takes/best-laptops-for-data-science-and-data-analysis?pStoreID=bizclubgold/gb-en/shop?pStoreID=bizclubgold/gb-en/shop/tech-takes/best-laptops-for-data-science-and-data-analysis?pStoreID=bizclubgold/gb-en/shop/tech-takes/best-laptops-for-data-science-and-data-analysis?pStoreID=bizclubgold/gb-en/shop/tech-takes/best-laptops-for-data-science-and-data-analysis?pStoreID=bizclubgold/1000#1', 'domain': 'bbc.com', 'title': 'Home - BBC News - NewsNewsUS senator meets man mistakenly deported to El Salvador But Salvadoran President Bukele says Kilmar Ábrego García - who ...', 'source_type': 'Retrieved', 'source_bucket': 'Retrieved Sources', 'source_content_chars': 9163, 'judge_nli_label': 'neutral', 'judge_nli_score': 3.0, 'judge_nli_reasoning': 'The source content does not provide any information about trade talks with the EU, so it cannot confirm or deny the claim that they are reportedly going nowhere.', 'judge_entailed': False, 'bert_nli_label': '', 'bert_nli_confidence': 0.0, 'bert_nli_reasoning': '', 'bert_entailed': False}, {'url': 'https://www.bbc.com/news?pStoreID=intuit/gb-en/shop?pStoreID=intuit/gb-en/shop/offer.aspx?p=c-gaming-promotion,intuit/1000#1', 'domain': 'bbc.com', 'title': 'BBC News - Breaking news, video and the latest top stories from the U.S. and around the world - NewsNewsTrump threatens 50% tariffs on EU and 25% on iPhonesShares in the US and Europe fall after the US president says trade t...', 'source_type': 'Retrieved', 'source_bucket': 'Retrieved Sources', 'source_content_chars': 9163, 'judge_nli_label': 'neutral', 'judge_nli_score': 3.0, 'judge_nli_reasoning': 'The source content does not provide any information about trade talks with the EU, so it cannot confirm or deny the claim that they are reportedly going nowhere.', 'judge_entailed': False, 'bert_nli_label': '', 'bert_nli_confidence': 0.0, 'bert_nli_reasoning': '', 'bert_entailed': False}, {'url': 'https://images.thedailystar.net/news/world?page=20', 'domain': 'images.thedailystar.net', 'title': 'World | The Daily Star', 'source_type': 'Retrieved', 'source_bucket': 'Retrieved Sources', 'source_content_chars': 0, 'judge_nli_label': '', 'judge_nli_score': 0.0, 'judge_nli_reasoning': '', 'judge_entailed': False, 'bert_nli_label': '', 'bert_nli_confidence': 0.0, 'bert_nli_reasoning': '', 'bert_entailed': False}, {'url': 'https://www.postandcourier.com/nation-world/around-the-world-in-2-minutes/article_aaf11595-231f-4742-ba02-be7c92947176.html', 'domain': 'postandcourier.com', 'title': 'Around the world in 2 minutes', 'source_type': 'Retrieved', 'source_bucket': 'Retrieved Sources', 'source_content_chars': 0, 'judge_nli_label': '', 'judge_nli_score': 0.0, 'judge_nli_reasoning': '', 'judge_entailed': False, 'bert_nli_label': '', 'bert_nli_confidence': 0.0, 'bert_nli_reasoning': '', 'bert_entailed': False}, {'url': 'https://www.bbc.com/?t=16325#1', 'domain': 'bbc.com', 'title': ""BBC Home - Breaking News, World News, US News, Sports, Business, Innovation, Climate, Culture, Travel, Video & Audio - Comey indictment escalates Trump's promise of political retributionThe criminal case against Comey fulfils the president's desir..."", 'source_type': 'Retrieved', 'source_bucket': 'Retrieved Sources', 'source_content_chars': 222, 'judge_nli_label': 'neutral', 'judge_nli_score': 3.0, 'judge_nli_reasoning': 'The source content discusses films to watch and does not provide any information about trade talks with the EU, making it impossible to determine a relationship.', 'judge_entailed': False, 'bert_nli_label': '', 'bert_nli_confidence': 0.0, 'bert_nli_reasoning': '', 'bert_entailed': False}, {'url': 'https://abc7news.com/us-world/?userab=abcn_du_cat_topic_feature_holdout-474*variant_b_redesign-1939,abcn_popular_reads_exp-497*variant_a_control-2076,abcn_ad_cadence-481*control-a-1962,abcn_news_for_you_exp-496*variant_a_control-2074', 'domain': 'abc7news.com', 'title': 'U.S & World News | Breaking News & Video | ABC7 KGO-TV', 'source_type': 'Retrieved', 'source_bucket': 'Retrieved Sources', 'source_content_chars': 3428, 'judge_nli_label': 'neutral', 'judge_nli_score': 3.0, 'judge_nli_reasoning': 'The source content does not provide any information regarding trade talks with the EU, so it cannot confirm or deny the claim made in the response chunk.', 'judge_entailed': False, 'bert_nli_label': '', 'bert_nli_confidence': 0.0, 'bert_nli_reasoning': '', 'bert_entailed': False}, {'url': 'https://www.wistv.com:443/news/national/#1', 'domain': 'wistv.com:443', 'title': 'National - Skip to content', 'source_type': 'Retrieved', 'source_bucket': 'Retrieved Sources', 'source_content_chars': 15609, 'judge_nli_label': 'neutral', 'judge_nli_score': 3.0, 'judge_nli_reasoning': 'The source content does not provide any information regarding trade talks with the EU, so it cannot confirm or deny the claim that they are reportedly going nowhere.', 'judge_entailed': False, 'bert_nli_label': '', 'bert_nli_confidence': 0.0, 'bert_nli_reasoning': '', 'bert_entailed': False}, {'url': 'https://www.thedailystar.net/news/world?archive=2013-12-17&page=2222#1', 'domain': 'thedailystar.net', 'title': 'World | The Daily Star - Russia pummels Kyiv as Zelensky heads to US', 'source_type': 'Retrieved', 'source_bucket': 'Retrieved Sources', 'source_content_chars': 218, 'judge_nli_label': 'neutral', 'judge_nli_score': 3.0, 'judge_nli_reasoning': ""The source content discusses Kofi Annan's views on global leadership and cooperation, which does not provide any information about trade talks with the EU."", 'judge_entailed': False, 'bert_nli_label': '', 'bert_nli_confidence': 0.0, 'bert_nli_reasoning': '', 'bert_entailed': False}, {'url': 'https://www.lbc.co.uk/?mi_u=9774b3a6e03343169181942884006342&mi_ecmp=evening(6pm)&utm_source=crm_LBC&utm_medium=email&utm_campaign=newsletter&utm_content=&mi_cmp=a112e7ce887fa34a~9732750~~~~~~&mi_sc=t#1', 'domain': 'lbc.co.uk', 'title': 'Latest Breaking UK and World News & Opinion | LBC - Nick Ferrari', 'source_type': 'Retrieved', 'source_bucket': 'Retrieved Sources', 'source_content_chars': 251, 'judge_nli_label': 'neutral', 'judge_nli_score': 3.0, 'judge_nli_reasoning': 'The source content discusses a tragic accident involving fatalities and does not provide any information about trade talks with the EU, making it impossible to determine a relationship.', 'judge_entailed': False, 'bert_nli_label': '', 'bert_nli_confidence': 0.0, 'bert_nli_reasoning': '', 'bert_entailed': False}, {'url': 'https://www.bbc.com/news?xtor=ES-208-[72329_NEWS_NLB_INT_WK18_THU_2_MAY.html]-20240502-[bbcnews_bbcnewsfooter_nogenre]#1', 'domain': 'bbc.com', 'title': 'BBC News - Breaking news, video and the latest top stories from the U.S. and around the world - NewsOn the Strait of Hormuz, BBC finds seized ships and shark fishermen as uneasy calm returnsThe BBC visits Bandar Abbas to see...', 'source_type': 'Retrieved', 'source_bucket': 'Retrieved Sources', 'source_content_chars': 9163, 'judge_nli_label': 'neutral', 'judge_nli_score': 3.0, 'judge_nli_reasoning': 'The source content does not provide any information about trade talks with the EU, so it cannot confirm or deny the claim that they are reportedly going nowhere.', 'judge_entailed': False, 'bert_nli_label': '', 'bert_nli_confidence': 0.0, 'bert_nli_reasoning': '', 'bert_entailed': False}, {'url': 'https://abcnews.go.com/?id=4318311&page=1', 'domain': 'abcnews.go.com', 'title': 'ABC News – Breaking News, Latest News and Videos', 'source_type': 'Retrieved', 'source_bucket': 'Retrieved Sources', 'source_content_chars': 11417, 'judge_nli_label': 'neutral', 'judge_nli_score': 3.0, 'judge_nli_reasoning': 'The source content does not provide any information regarding the status of trade talks with the EU, so it cannot confirm or deny the claim made in the response chunk.', 'judge_entailed': False, 'bert_nli_label': '', 'bert_nli_confidence': 0.0, 'bert_nli_reasoning': '', 'bert_entailed': False}, {'url': 'https://www.kcrg.com/news/national/26-Victims-To-Get-597-Million-In-Penn-State-Abuse-Scandal-229578141.html#1', 'domain': 'kcrg.com', 'title': 'National News - Skip to content', 'source_type': 'Retrieved', 'source_bucket': 'Retrieved Sources', 'source_content_chars': 15453, 'judge_nli_label': 'neutral', 'judge_nli_score': 3.0, 'judge_nli_reasoning': 'The source content does not provide any information regarding trade talks with the EU, so it cannot confirm or deny the claim that they are reportedly going nowhere.', 'judge_entailed': False, 'bert_nli_label': '', 'bert_nli_confidence': 0.0, 'bert_nli_reasoning': '', 'bert_entailed': False}, {'url': 'https://www.yicai.com/news/102739578.html', 'domain': 'yicai.com', 'title': '泰国代理总理：需谨慎应对当前事态', 'source_type': 'Retrieved', 'source_bucket': 'Retrieved Sources', 'source_content_chars': 595, 'judge_nli_label': 'neutral', 'judge_nli_score': 3.0, 'judge_nli_reasoning': 'The source content does not mention trade talks with the EU or provide any information related to them, making it impossible to determine the status of such talks.', 'judge_entailed': False, 'bert_nli_label': '', 'bert_nli_confidence': 0.0, 'bert_nli_reasoning': '', 'bert_entailed': False}, {'url': 'https://www.aastocks.com/sc/mobile/news.aspx?newsid=GLH2627105L&newstype=61&newssource=GLH', 'domain': 'aastocks.com', 'title': '财经新闻 Financial News', 'source_type': 'Retrieved', 'source_bucket': 'Retrieved Sources', 'source_content_chars': 294, 'judge_nli_label': 'neutral', 'judge_nli_score': 3.0, 'judge_nli_reasoning': 'The source content does not provide any information regarding trade talks with the EU, so it neither supports nor contradicts the claim made in the response chunk.', 'judge_entailed': False, 'bert_nli_label': '', 'bert_nli_confidence': 0.0, 'bert_nli_reasoning': '', 'bert_entailed': False}]"
0,deepseek-v4-flash,deepseek,auto,web::6a8712d5-bc24-83ed-a880-52106c9c8a40::aa46c3d4-d77f-41cd-922a-bda37bb6d346,0,6a8712d5-bc24-83ed-a880-52106c9c8a40,aa46c3d4-d77f-41cd-922a-bda37bb6d346,What are the News today?,"I'll search for today's news for you.
Based on my search of today's news, here's a summary of the top stories making headlines right now:

## 🌍 Top News Today

### US Politics & Legal
- **James Comey indicted**: The former FBI director has been indicted on two charges, which he says are politically motivated following pressure from Trump on prosecutors.
- **Trumps tariffs escalation**: President Trump has threatened 50% tariffs on the EU and 25% on iPhones, causing US and European stock markets to fall. Trade talks with the EU are reportedly ""going nowhere.""
- **TikTok deal**: Trump says a deal on TikTok's future in the US has been made, but it hasn't been confirmed by China or ByteDance.
- **Supreme Court rulings**: SCOTUS struck down restrictions on carrying guns on private property and cleared the way for Trump to revive immigration policies (ending protections for Haitians and Syrians).

### Middle East
- **Gaza conflict**: Hamas formally rejected an Israeli ceasefire offer, saying it wants a deal freeing all hostages in exchange for ending the war. Israeli forces also raided and shut down a major hospital in northern Gaza.
- **US-Iran tensions**: Trump said he's holding off on new strikes against Iran after discussions with Gulf allies, though pressure on Tehran continues.
- **Tony Blair talks**: The former UK PM is reportedly in discussions to run a transitional Gaza authority.

### Global
- **Venezuela earthquakes**: At least 164 people dead and 971 injured after twin powerful earthquakes struck the country.
- **US-China trade war**: The US laid out plans to hit Chinese ships with port fees, and China's neighbors are caught between the two superpowers.
- **Ukraine**: Russia and Ukraine took part in the biggest prisoner swap since the 2022 invasion, while Ukraine said an outline of a minerals deal with the US was signed.
- **Google monopoly**: A judge ruled Google has an illegal advertising monopoly—its second major antitrust loss.

### Business & Tech
- **Ola struggles**: India's EV pioneer faces falling sales amid rising competition and regulatory scrutiny.
- **Harvard**: A judge temporarily blocked Trump's plan to stop Harvard enrolling foreign students.

### Other Notable Stories
- **Venezuela quake survivor** pulled out alive after eight days.
- **Deportation controversy**: A US senator met a man mistakenly deported to El Salvador.
- **King Charles III** expected to reveal his personal tax bill.

---

Would you like me to dig deeper into any particular story or category (politics, business, sports, entertainment, etc.)?",5,Trump says a deal on TikTok's future in the US has been made.,[],[],15,Parametric Knowledge,Unknown,,,,,0.0,,False,,0.0,,False,False,False,True,"[{'url': 'https://edition.cnn.com/2026/08/23/world/video/22920342-pencecanadatrade-vrtc', 'domain': 'edition.cnn.com', 'title': 'Former VP Pence says trade war with Canada is ‘last thing we need right now’ | CNN', 'source_type': 'Retrieved', 'source_bucket': 'Retrieved Sources', 'source_content_chars': 375, 'judge_nli_label': 'neutral', 'judge_nli_score': 3.0, 'judge_nli_reasoning': ""The source content discusses Iranian women's dress and protests, which is unrelated to Trump's statements about TikTok, providing no information to support or contradict the response chunk."", 'judge_entailed': False, 'bert_nli_label': '', 'bert_nli_confidence': 0.0, 'bert_nli_reasoning': '', 'bert_entailed': False}, {'url': 'https://www.bbc.com/news?pStoreID=bizclubgold/gb-en/shop/tech-takes/best-laptops-for-data-science-and-data-analysis?pStoreID=bizclubgold/gb-en/shop/tech-takes/best-laptops-for-data-science-and-data-analysis?pStoreID=bizclubgold/gb-en/shop?pStoreID=bizclubgold/gb-en/shop?pStoreID=bizclubgold/gb-en/shop?pStoreID=bizclubgold/gb-en/shop/tech-takes/best-laptops-for-data-science-and-data-analysis?pStoreID=bizclubgold/gb-en/shop/tech-takes/best-laptops-for-data-science-and-data-analysis?pStoreID=bizclubgold/gb-en/shop?pStoreID=bizclubgold/gb-en/shop?pStoreID=bizclubgold/gb-en/shop/tech-takes/best-laptops-for-data-science-and-data-analysis?pStoreID=bizclubgold/gb-en/shop/tech-takes/best-laptops-for-data-science-and-data-analysis?pStoreID=bizclubgold/gb-en/shop?pStoreID=bizclubgold/gb-en/shop/tech-takes/best-laptops-for-data-science-and-data-analysis?pStoreID=bizclubgold/gb-en/shop/tech-takes/best-laptops-for-data-science-and-data-analysis?pStoreID=bizclubgold/gb-en/shop/tech-takes/best-laptops-for-data-science-and-data-analysis?pStoreID=bizclubgold/1000#1', 'domain': 'bbc.com', 'title': 'Home - BBC News - NewsNewsUS senator meets man mistakenly deported to El Salvador But Salvadoran President Bukele says Kilmar Ábrego García - who ...', 'source_type': 'Retrieved', 'source_bucket': 'Retrieved Sources', 'source_content_chars': 9163, 'judge_nli_label': 'neutral', 'judge_nli_score': 3.0, 'judge_nli_reasoning': ""The source content does not provide any information regarding a deal on TikTok's future in the US, so it neither supports nor contradicts the claim made in the response chunk."", 'judge_entailed': False, 'bert_nli_label': '', 'bert_nli_confidence': 0.0, 'bert_nli_reasoning': '', 'bert_entailed': False}, {'url': 'https://www.bbc.com/news?pStoreID=intuit/gb-en/shop?pStoreID=intuit/gb-en/shop/offer.aspx?p=c-gaming-promotion,intuit/1000#1', 'domain': 'bbc.com', 'title': 'BBC News - Breaking news, video and the latest top stories from the U.S. and around the world - NewsNewsTrump threatens 50% tariffs on EU and 25% on iPhonesShares in the US and Europe fall after the US president says trade t...', 'source_type': 'Retrieved', 'source_bucket': 'Retrieved Sources', 'source_content_chars': 9163, 'judge_nli_label': 'neutral', 'judge_nli_score': 3.0, 'judge_nli_reasoning': ""The source content does not provide any information regarding a deal on TikTok's future in the US, so it neither supports nor contradicts the claim made in the response chunk."", 'judge_entailed': False, 'bert_nli_label': '', 'bert_nli_confidence': 0.0, 'bert_nli_reasoning': '', 'bert_entailed': False}, {'url': 'https://images.thedailystar.net/news/world?page=20', 'domain': 'images.thedailystar.net', 'title': 'World | The Daily Star', 'source_type': 'Retrieved', 'source_bucket': 'Retrieved Sources', 'source_content_chars': 0, 'judge_nli_label': '', 'judge_nli_score': 0.0, 'judge_nli_reasoning': '', 'judge_entailed': False, 'bert_nli_label': '', 'bert_nli_confidence': 0.0, 'bert_nli_reasoning': '', 'bert_entailed': False}, {'url': 'https://www.postandcourier.com/nation-world/around-the-world-in-2-minutes/article_aaf11595-231f-4742-ba02-be7c92947176.html', 'domain': 'postandcourier.com', 'title': 'Around the world in 2 minutes', 'source_type': 'Retrieved', 'source_bucket': 'Retrieved Sources', 'source_content_chars': 0, 'judge_nli_label': '', 'judge_nli_score': 0.0, 'judge_nli_reasoning': '', 'judge_entailed': False, 'bert_nli_label': '', 'bert_nli_confidence': 0.0, 'bert_nli_reasoning': '', 'bert_entailed': False}, {'url': 'https://www.bbc.com/?t=16325#1', 'domain': 'bbc.com', 'title': ""BBC Home - Breaking News, World News, US News, Sports, Business, Innovation, Climate, Culture, Travel, Video & Audio - Comey indictment escalates Trump's promise of political retributionThe criminal case against Comey fulfils the president's desir..."", 'source_type': 'Retrieved', 'source_bucket': 'Retrieved Sources', 'source_content_chars': 222, 'judge_nli_label': 'neutral', 'judge_nli_score': 3.0, 'judge_nli_reasoning': 'The source content discusses films to watch in September and does not provide any information about Trump or TikTok, making it impossible to determine a relationship.', 'judge_entailed': False, 'bert_nli_label': '', 'bert_nli_confidence': 0.0, 'bert_nli_reasoning': '', 'bert_entailed': False}, {'url': 'https://abc7news.com/us-world/?userab=abcn_du_cat_topic_feature_holdout-474*variant_b_redesign-1939,abcn_popular_reads_exp-497*variant_a_control-2076,abcn_ad_cadence-481*control-a-1962,abcn_news_for_you_exp-496*variant_a_control-2074', 'domain': 'abc7news.com', 'title': 'U.S & World News | Breaking News & Video | ABC7 KGO-TV', 'source_type': 'Retrieved', 'source_bucket': 'Retrieved Sources', 'source_content_chars': 3428, 'judge_nli_label': 'neutral', 'judge_nli_score': 3.0, 'judge_nli_reasoning': 'The source content does not mention anything about Trump or a deal regarding TikTok, so there is insufficient information to determine the truth of the claim in the response chunk.', 'judge_entailed': False, 'bert_nli_label': '', 'bert_nli_confidence': 0.0, 'bert_nli_reasoning': '', 'bert_entailed': False}, {'url': 'https://www.wistv.com:443/news/national/#1', 'domain': 'wistv.com:443', 'title': 'National - Skip to content', 'source_type': 'Retrieved', 'source_bucket': 'Retrieved Sources', 'source_content_chars': 15609, 'judge_nli_label': 'neutral', 'judge_nli_score': 3.0, 'judge_nli_reasoning': ""The source content does not provide any information regarding a deal on TikTok's future in the US, so it cannot confirm or deny the claim made in the response chunk."", 'judge_entailed': False, 'bert_nli_label': '', 'bert_nli_confidence': 0.0, 'bert_nli_reasoning': '', 'bert_entailed': False}, {'url': 'https://www.thedailystar.net/news/world?archive=2013-12-17&page=2222#1', 'domain': 'thedailystar.net', 'title': 'World | The Daily Star - Russia pummels Kyiv as Zelensky heads to US', 'source_type': 'Retrieved', 'source_bucket': 'Retrieved Sources', 'source_content_chars': 218, 'judge_nli_label': 'neutral', 'judge_nli_score': 3.0, 'judge_nli_reasoning': ""The source content discusses Kofi Annan's views on global leadership and does not mention Trump or TikTok, providing no information to support or contradict the response chunk."", 'judge_entailed': False, 'bert_nli_label': '', 'bert_nli_confidence': 0.0, 'bert_nli_reasoning': '', 'bert_entailed': False}, {'url': 'https://www.lbc.co.uk/?mi_u=9774b3a6e03343169181942884006342&mi_ecmp=evening(6pm)&utm_source=crm_LBC&utm_medium=email&utm_campaign=newsletter&utm_content=&mi_cmp=a112e7ce887fa34a~9732750~~~~~~&mi_sc=t#1', 'domain': 'lbc.co.uk', 'title': 'Latest Breaking UK and World News & Opinion | LBC - Nick Ferrari', 'source_type': 'Retrieved', 'source_bucket': 'Retrieved Sources', 'source_content_chars': 251, 'judge_nli_label': 'neutral', 'judge_nli_score': 3.0, 'judge_nli_reasoning': 'The source content discusses a tragic accident and does not provide any information about Trump or TikTok, making it impossible to determine the relationship with the response chunk.', 'judge_entailed': False, 'bert_nli_label': '', 'bert_nli_confidence': 0.0, 'bert_nli_reasoning': '', 'bert_entailed': False}, {'url': 'https://www.bbc.com/news?xtor=ES-208-[72329_NEWS_NLB_INT_WK18_THU_2_MAY.html]-20240502-[bbcnews_bbcnewsfooter_nogenre]#1', 'domain': 'bbc.com', 'title': 'BBC News - Breaking news, video and the latest top stories from the U.S. and around the world - NewsOn the Strait of Hormuz, BBC finds seized ships and shark fishermen as uneasy calm returnsThe BBC visits Bandar Abbas to see...', 'source_type': 'Retrieved', 'source_bucket': 'Retrieved Sources', 'source_content_chars': 9163, 'judge_nli_label': 'neutral', 'judge_nli_score': 3.0, 'judge_nli_reasoning': ""The source content does not provide any information regarding a deal on TikTok's future in the US, so it neither supports nor contradicts the claim made in the response chunk."", 'judge_entailed': False, 'bert_nli_label': '', 'bert_nli_confidence': 0.0, 'bert_nli_reasoning': '', 'bert_entailed': False}, {'url': 'https://abcnews.go.com/?id=4318311&page=1', 'domain': 'abcnews.go.com', 'title': 'ABC News – Breaking News, Latest News and Videos', 'source_type': 'Retrieved', 'source_bucket': 'Retrieved Sources', 'source_content_chars': 11417, 'judge_nli_label': 'neutral', 'judge_nli_score': 3.0, 'judge_nli_reasoning': ""The source content does not provide any information regarding a deal on TikTok's future in the US, so it cannot confirm or deny the claim made in the response chunk."", 'judge_entailed': False, 'bert_nli_label': '', 'bert_nli_confidence': 0.0, 'bert_nli_reasoning': '', 'bert_entailed': False}, {'url': 'https://www.kcrg.com/news/national/26-Victims-To-Get-597-Million-In-Penn-State-Abuse-Scandal-229578141.html#1', 'domain': 'kcrg.com', 'title': 'National News - Skip to content', 'source_type': 'Retrieved', 'source_bucket': 'Retrieved Sources', 'source_content_chars': 15453, 'judge_nli_label': 'neutral', 'judge_nli_score': 3.0, 'judge_nli_reasoning': ""The source content does not provide any information regarding a deal on TikTok's future in the US, so it cannot confirm or deny the claim made in the response chunk."", 'judge_entailed': False, 'bert_nli_label': '', 'bert_nli_confidence': 0.0, 'bert_nli_reasoning': '', 'bert_entailed': False}, {'url': 'https://www.yicai.com/news/102739578.html', 'domain': 'yicai.com', 'title': '泰国代理总理：需谨慎应对当前事态', 'source_type': 'Retrieved', 'source_bucket': 'Retrieved Sources', 'source_content_chars': 595, 'judge_nli_label': 'neutral', 'judge_nli_score': 3.0, 'judge_nli_reasoning': 'The source content does not mention anything about Trump or a deal regarding TikTok, so it does not provide enough information to support or contradict the response chunk.', 'judge_entailed': False, 'bert_nli_label': '', 'bert_nli_confidence': 0.0, 'bert_nli_reasoning': '', 'bert_entailed': False}, {'url': 'https://www.aastocks.com/sc/mobile/news.aspx?newsid=GLH2627105L&newstype=61&newssource=GLH', 'domain': 'aastocks.com', 'title': '财经新闻 Financial News', 'source_type': 'Retrieved', 'source_bucket': 'Retrieved Sources', 'source_content_chars': 294, 'judge_nli_label': 'neutral', 'judge_nli_score': 3.0, 'judge_nli_reasoning': ""The source content does not provide any information regarding Trump's statements or a deal on TikTok, making it impossible to determine the truth of the response chunk."", 'judge_entailed': False, 'bert_nli_label': '', 'bert_nli_confidence': 0.0, 'bert_nli_reasoning': '', 'bert_entailed': False}]"
0,deepseek-v4-flash,deepseek,auto,web::6a8712d5-bc24-83ed-a880-52106c9c8a40::aa46c3d4-d77f-41cd-922a-bda37bb6d346,0,6a8712d5-bc24-83ed-a880-52106c9c8a40,aa46c3d4-d77f-41cd-922a-bda37bb6d346,What are the News today?,"I'll search for today's news for you.
Based on my search of today's news, here's a summary of the top stories making headlines right now:

## 🌍 Top News Today

### US Politics & Legal
- **James Comey indicted**: The former FBI director has been indicted on two charges, which he says are politically motivated following pressure from Trump on prosecutors.
- **Trumps tariffs escalation**: President Trump has threatened 50% tariffs on the EU and 25% on iPhones, causing US and European stock markets to fall. Trade talks with the EU are reportedly ""going nowhere.""
- **TikTok deal**: Trump says a deal on TikTok's future in the US has been made, but it hasn't been confirmed by China or ByteDance.
- **Supreme Court rulings**: SCOTUS struck down restrictions on carrying guns on private property and cleared the way for Trump to revive immigration policies (ending protections for Haitians and Syrians).

### Middle East
- **Gaza conflict**: Hamas formally rejected an Israeli ceasefire offer, saying it wants a deal freeing all hostages in exchange for ending the war. Israeli forces also raided and shut down a major hospital in northern Gaza.
- **US-Iran tensions**: Trump said he's holding off on new strikes against Iran after discussions with Gulf allies, though pressure on Tehran continues.
- **Tony Blair talks**: The former UK PM is reportedly in discussions to run a transitional Gaza authority.

### Global
- **Venezuela earthquakes**: At least 164 people dead and 971 injured after twin powerful earthquakes struck the country.
- **US-China trade war**: The US laid out plans to hit Chinese ships with port fees, and China's neighbors are caught between the two superpowers.
- **Ukraine**: Russia and Ukraine took part in the biggest prisoner swap since the 2022 invasion, while Ukraine said an outline of a minerals deal with the US was signed.
- **Google monopoly**: A judge ruled Google has an illegal advertising monopoly—its second major antitrust loss.

### Business & Tech
- **Ola struggles**: India's EV pioneer faces falling sales amid rising competition and regulatory scrutiny.
- **Harvard**: A judge temporarily blocked Trump's plan to stop Harvard enrolling foreign students.

### Other Notable Stories
- **Venezuela quake survivor** pulled out alive after eight days.
- **Deportation controversy**: A US senator met a man mistakenly deported to El Salvador.
- **King Charles III** expected to reveal his personal tax bill.

---

Would you like me to dig deeper into any particular story or category (politics, business, sports, entertainment, etc.)?",6,The deal on TikTok's future in the US has not been confirmed by China or ByteDance.,[],[],15,Parametric Knowledge,Unknown,,,,,0.0,,False,,0.0,,False,False,False,True,"[{'url': 'https://edition.cnn.com/2026/08/23/world/video/22920342-pencecanadatrade-vrtc', 'domain': 'edition.cnn.com', 'title': 'Former VP Pence says trade war with Canada is ‘last thing we need right now’ | CNN', 'source_type': 'Retrieved', 'source_bucket': 'Retrieved Sources', 'source_content_chars': 375, 'judge_nli_label': 'neutral', 'judge_nli_score': 3.0, 'judge_nli_reasoning': ""The source content discusses Iranian women's dress and protests, which is unrelated to TikTok's future in the US, leaving the response chunk unsupported and uncontradicted."", 'judge_entailed': False, 'bert_nli_label': '', 'bert_nli_confidence': 0.0, 'bert_nli_reasoning': '', 'bert_entailed': False}, {'url': 'https://www.bbc.com/news?pStoreID=bizclubgold/gb-en/shop/tech-takes/best-laptops-for-data-science-and-data-analysis?pStoreID=bizclubgold/gb-en/shop/tech-takes/best-laptops-for-data-science-and-data-analysis?pStoreID=bizclubgold/gb-en/shop?pStoreID=bizclubgold/gb-en/shop?pStoreID=bizclubgold/gb-en/shop?pStoreID=bizclubgold/gb-en/shop/tech-takes/best-laptops-for-data-science-and-data-analysis?pStoreID=bizclubgold/gb-en/shop/tech-takes/best-laptops-for-data-science-and-data-analysis?pStoreID=bizclubgold/gb-en/shop?pStoreID=bizclubgold/gb-en/shop?pStoreID=bizclubgold/gb-en/shop/tech-takes/best-laptops-for-data-science-and-data-analysis?pStoreID=bizclubgold/gb-en/shop/tech-takes/best-laptops-for-data-science-and-data-analysis?pStoreID=bizclubgold/gb-en/shop?pStoreID=bizclubgold/gb-en/shop/tech-takes/best-laptops-for-data-science-and-data-analysis?pStoreID=bizclubgold/gb-en/shop/tech-takes/best-laptops-for-data-science-and-data-analysis?pStoreID=bizclubgold/gb-en/shop/tech-takes/best-laptops-for-data-science-and-data-analysis?pStoreID=bizclubgold/1000#1', 'domain': 'bbc.com', 'title': 'Home - BBC News - NewsNewsUS senator meets man mistakenly deported to El Salvador But Salvadoran President Bukele says Kilmar Ábrego García - who ...', 'source_type': 'Retrieved', 'source_bucket': 'Retrieved Sources', 'source_content_chars': 9163, 'judge_nli_label': 'neutral', 'judge_nli_score': 3.0, 'judge_nli_reasoning': ""The source content does not provide any information regarding the confirmation of the deal on TikTok's future in the US by China or ByteDance, leaving the response chunk unverified."", 'judge_entailed': False, 'bert_nli_label': '', 'bert_nli_confidence': 0.0, 'bert_nli_reasoning': '', 'bert_entailed': False}, {'url': 'https://www.bbc.com/news?pStoreID=intuit/gb-en/shop?pStoreID=intuit/gb-en/shop/offer.aspx?p=c-gaming-promotion,intuit/1000#1', 'domain': 'bbc.com', 'title': 'BBC News - Breaking news, video and the latest top stories from the U.S. and around the world - NewsNewsTrump threatens 50% tariffs on EU and 25% on iPhonesShares in the US and Europe fall after the US president says trade t...', 'source_type': 'Retrieved', 'source_bucket': 'Retrieved Sources', 'source_content_chars': 9163, 'judge_nli_label': 'neutral', 'judge_nli_score': 3.0, 'judge_nli_reasoning': ""The source content does not provide any information regarding the confirmation of the deal on TikTok's future in the US by China or ByteDance, leaving the response chunk unverified."", 'judge_entailed': False, 'bert_nli_label': '', 'bert_nli_confidence': 0.0, 'bert_nli_reasoning': '', 'bert_entailed': False}, {'url': 'https://images.thedailystar.net/news/world?page=20', 'domain': 'images.thedailystar.net', 'title': 'World | The Daily Star', 'source_type': 'Retrieved', 'source_bucket': 'Retrieved Sources', 'source_content_chars': 0, 'judge_nli_label': '', 'judge_nli_score': 0.0, 'judge_nli_reasoning': '', 'judge_entailed': False, 'bert_nli_label': '', 'bert_nli_confidence': 0.0, 'bert_nli_reasoning': '', 'bert_entailed': False}, {'url': 'https://www.postandcourier.com/nation-world/around-the-world-in-2-minutes/article_aaf11595-231f-4742-ba02-be7c92947176.html', 'domain': 'postandcourier.com', 'title': 'Around the world in 2 minutes', 'source_type': 'Retrieved', 'source_bucket': 'Retrieved Sources', 'source_content_chars': 0, 'judge_nli_label': '', 'judge_nli_score': 0.0, 'judge_nli_reasoning': '', 'judge_entailed': False, 'bert_nli_label': '', 'bert_nli_confidence': 0.0, 'bert_nli_reasoning': '', 'bert_entailed': False}, {'url': 'https://www.bbc.com/?t=16325#1', 'domain': 'bbc.com', 'title': ""BBC Home - Breaking News, World News, US News, Sports, Business, Innovation, Climate, Culture, Travel, Video & Audio - Comey indictment escalates Trump's promise of political retributionThe criminal case against Comey fulfils the president's desir..."", 'source_type': 'Retrieved', 'source_bucket': 'Retrieved Sources', 'source_content_chars': 222, 'judge_nli_label': 'neutral', 'judge_nli_score': 3.0, 'judge_nli_reasoning': 'The source content discusses films to watch in September and does not provide any information about TikTok or its future in the US, making it impossible to determine a relationship with the response chunk.', 'judge_entailed': False, 'bert_nli_label': '', 'bert_nli_confidence': 0.0, 'bert_nli_reasoning': '', 'bert_entailed': False}, {'url': 'https://abc7news.com/us-world/?userab=abcn_du_cat_topic_feature_holdout-474*variant_b_redesign-1939,abcn_popular_reads_exp-497*variant_a_control-2076,abcn_ad_cadence-481*control-a-1962,abcn_news_for_you_exp-496*variant_a_control-2074', 'domain': 'abc7news.com', 'title': 'U.S & World News | Breaking News & Video | ABC7 KGO-TV', 'source_type': 'Retrieved', 'source_bucket': 'Retrieved Sources', 'source_content_chars': 3428, 'judge_nli_label': 'neutral', 'judge_nli_score': 3.0, 'judge_nli_reasoning': ""The source content does not provide any information regarding TikTok's future in the US or any confirmation from China or ByteDance, making it impossible to determine the truth of the response chunk."", 'judge_entailed': False, 'bert_nli_label': '', 'bert_nli_confidence': 0.0, 'bert_nli_reasoning': '', 'bert_entailed': False}, {'url': 'https://www.wistv.com:443/news/national/#1', 'domain': 'wistv.com:443', 'title': 'National - Skip to content', 'source_type': 'Retrieved', 'source_bucket': 'Retrieved Sources', 'source_content_chars': 15609, 'judge_nli_label': 'neutral', 'judge_nli_score': 3.0, 'judge_nli_reasoning': ""The source content does not provide any information regarding the confirmation of the deal on TikTok's future in the US by China or ByteDance, leaving the response chunk unsupported and uncontradicted."", 'judge_entailed': False, 'bert_nli_label': '', 'bert_nli_confidence': 0.0, 'bert_nli_reasoning': '', 'bert_entailed': False}, {'url': 'https://www.thedailystar.net/news/world?archive=2013-12-17&page=2222#1', 'domain': 'thedailystar.net', 'title': 'World | The Daily Star - Russia pummels Kyiv as Zelensky heads to US', 'source_type': 'Retrieved', 'source_bucket': 'Retrieved Sources', 'source_content_chars': 218, 'judge_nli_label': 'neutral', 'judge_nli_score': 3.0, 'judge_nli_reasoning': ""The source content discusses Kofi Annan's views on global leadership and does not provide any information about TikTok or its deal in the US."", 'judge_entailed': False, 'bert_nli_label': '', 'bert_nli_confidence': 0.0, 'bert_nli_reasoning': '', 'bert_entailed': False}, {'url': 'https://www.lbc.co.uk/?mi_u=9774b3a6e03343169181942884006342&mi_ecmp=evening(6pm)&utm_source=crm_LBC&utm_medium=email&utm_campaign=newsletter&utm_content=&mi_cmp=a112e7ce887fa34a~9732750~~~~~~&mi_sc=t#1', 'domain': 'lbc.co.uk', 'title': 'Latest Breaking UK and World News & Opinion | LBC - Nick Ferrari', 'source_type': 'Retrieved', 'source_bucket': 'Retrieved Sources', 'source_content_chars': 251, 'judge_nli_label': 'neutral', 'judge_nli_score': 3.0, 'judge_nli_reasoning': ""The source content discusses a tragic accident involving fatalities and does not provide any information regarding TikTok's future in the US or its confirmation by China or ByteDance."", 'judge_entailed': False, 'bert_nli_label': '', 'bert_nli_confidence': 0.0, 'bert_nli_reasoning': '', 'bert_entailed': False}, {'url': 'https://www.bbc.com/news?xtor=ES-208-[72329_NEWS_NLB_INT_WK18_THU_2_MAY.html]-20240502-[bbcnews_bbcnewsfooter_nogenre]#1', 'domain': 'bbc.com', 'title': 'BBC News - Breaking news, video and the latest top stories from the U.S. and around the world - NewsOn the Strait of Hormuz, BBC finds seized ships and shark fishermen as uneasy calm returnsThe BBC visits Bandar Abbas to see...', 'source_type': 'Retrieved', 'source_bucket': 'Retrieved Sources', 'source_content_chars': 9163, 'judge_nli_label': 'neutral', 'judge_nli_score': 3.0, 'judge_nli_reasoning': ""The source content does not provide any information regarding the confirmation of the deal on TikTok's future in the US by China or ByteDance, leaving the response chunk unverified."", 'judge_entailed': False, 'bert_nli_label': '', 'bert_nli_confidence': 0.0, 'bert_nli_reasoning': '', 'bert_entailed': False}, {'url': 'https://abcnews.go.com/?id=4318311&page=1', 'domain': 'abcnews.go.com', 'title': 'ABC News – Breaking News, Latest News and Videos', 'source_type': 'Retrieved', 'source_bucket': 'Retrieved Sources', 'source_content_chars': 11417, 'judge_nli_label': 'neutral', 'judge_nli_score': 3.0, 'judge_nli_reasoning': ""The source content does not provide any information regarding the confirmation of the deal on TikTok's future in the US by China or ByteDance, leaving the response chunk unverified."", 'judge_entailed': False, 'bert_nli_label': '', 'bert_nli_confidence': 0.0, 'bert_nli_reasoning': '', 'bert_entailed': False}, {'url': 'https://www.kcrg.com/news/national/26-Victims-To-Get-597-Million-In-Penn-State-Abuse-Scandal-229578141.html#1', 'domain': 'kcrg.com', 'title': 'National News - Skip to content', 'source_type': 'Retrieved', 'source_bucket': 'Retrieved Sources', 'source_content_chars': 15453, 'judge_nli_label': 'neutral', 'judge_nli_score': 3.0, 'judge_nli_reasoning': ""The source content does not provide any information regarding the confirmation of the deal on TikTok's future in the US by China or ByteDance, leaving the response chunk unsupported and uncontradicted."", 'judge_entailed': False, 'bert_nli_label': '', 'bert_nli_confidence': 0.0, 'bert_nli_reasoning': '', 'bert_entailed': False}, {'url': 'https://www.yicai.com/news/102739578.html', 'domain': 'yicai.com', 'title': '泰国代理总理：需谨慎应对当前事态', 'source_type': 'Retrieved', 'source_bucket': 'Retrieved Sources', 'source_content_chars': 595, 'judge_nli_label': 'neutral', 'judge_nli_score': 3.0, 'judge_nli_reasoning': 'The source content discusses a statement from the Thai acting prime minister regarding current events but does not mention TikTok, China, or ByteDance, leaving the response chunk unaddressed.', 'judge_entailed': False, 'bert_nli_label': '', 'bert_nli_confidence': 0.0, 'bert_nli_reasoning': '', 'bert_entailed': False}, {'url': 'https://www.aastocks.com/sc/mobile/news.aspx?newsid=GLH2627105L&newstype=61&newssource=GLH', 'domain': 'aastocks.com', 'title': '财经新闻 Financial News', 'source_type': 'Retrieved', 'source_bucket': 'Retrieved Sources', 'source_content_chars': 294, 'judge_nli_label': 'neutral', 'judge_nli_score': 3.0, 'judge_nli_reasoning': ""The source content does not provide any information regarding the confirmation of the deal on TikTok's future in the US by China or ByteDance, making it impossible to determine the truth of the response chunk."", 'judge_entailed': False, 'bert_nli_label': '', 'bert_nli_confidence': 0.0, 'bert_nli_reasoning': '', 'bert_entailed': False}]"
0,deepseek-v4-flash,deepseek,auto,web::6a8712d5-bc24-83ed-a880-52106c9c8a40::aa46c3d4-d77f-41cd-922a-bda37bb6d346,0,6a8712d5-bc24-83ed-a880-52106c9c8a40,aa46c3d4-d77f-41cd-922a-bda37bb6d346,What are the News today?,"I'll search for today's news for you.
Based on my search of today's news, here's a summary of the top stories making headlines right now:

## 🌍 Top News Today

### US Politics & Legal
- **James Comey indicted**: The former FBI director has been indicted on two charges, which he says are politically motivated following pressure from Trump on prosecutors.
- **Trumps tariffs escalation**: President Trump has threatened 50% tariffs on the EU and 25% on iPhones, causing US and European stock markets to fall. Trade talks with the EU are reportedly ""going nowhere.""
- **TikTok deal**: Trump says a deal on TikTok's future in the US has been made, but it hasn't been confirmed by China or ByteDance.
- **Supreme Court rulings**: SCOTUS struck down restrictions on carrying guns on private property and cleared the way for Trump to revive immigration policies (ending protections for Haitians and Syrians).

### Middle East
- **Gaza conflict**: Hamas formally rejected an Israeli ceasefire offer, saying it wants a deal freeing all hostages in exchange for ending the war. Israeli forces also raided and shut down a major hospital in northern Gaza.
- **US-Iran tensions**: Trump said he's holding off on new strikes against Iran after discussions with Gulf allies, though pressure on Tehran continues.
- **Tony Blair talks**: The former UK PM is reportedly in discussions to run a transitional Gaza authority.

### Global
- **Venezuela earthquakes**: At least 164 people dead and 971 injured after twin powerful earthquakes struck the country.
- **US-China trade war**: The US laid out plans to hit Chinese ships with port fees, and China's neighbors are caught between the two superpowers.
- **Ukraine**: Russia and Ukraine took part in the biggest prisoner swap since the 2022 invasion, while Ukraine said an outline of a minerals deal with the US was signed.
- **Google monopoly**: A judge ruled Google has an illegal advertising monopoly—its second major antitrust loss.

### Business & Tech
- **Ola struggles**: India's EV pioneer faces falling sales amid rising competition and regulatory scrutiny.
- **Harvard**: A judge temporarily blocked Trump's plan to stop Harvard enrolling foreign students.

### Other Notable Stories
- **Venezuela quake survivor** pulled out alive after eight days.
- **Deportation controversy**: A US senator met a man mistakenly deported to El Salvador.
- **King Charles III** expected to reveal his personal tax bill.

---

Would you like me to dig deeper into any particular story or category (politics, business, sports, entertainment, etc.)?",7,The Supreme Court struck down restrictions on carrying guns on private property.,[],[],15,Parametric Knowledge,Unknown,,,,,0.0,,False,,0.0,,False,False,False,True,"[{'url': 'https://edition.cnn.com/2026/08/23/world/video/22920342-pencecanadatrade-vrtc', 'domain': 'edition.cnn.com', 'title': 'Former VP Pence says trade war with Canada is ‘last thing we need right now’ | CNN', 'source_type': 'Retrieved', 'source_bucket': 'Retrieved Sources', 'source_content_chars': 375, 'judge_nli_label': 'neutral', 'judge_nli_score': 3.0, 'judge_nli_reasoning': ""The source content discusses issues related to women's dress codes in Iran and does not mention the Supreme Court or gun restrictions, making it unrelated to the response chunk."", 'judge_entailed': False, 'bert_nli_label': '', 'bert_nli_confidence': 0.0, 'bert_nli_reasoning': '', 'bert_entailed': False}, {'url': 'https://www.bbc.com/news?pStoreID=bizclubgold/gb-en/shop/tech-takes/best-laptops-for-data-science-and-data-analysis?pStoreID=bizclubgold/gb-en/shop/tech-takes/best-laptops-for-data-science-and-data-analysis?pStoreID=bizclubgold/gb-en/shop?pStoreID=bizclubgold/gb-en/shop?pStoreID=bizclubgold/gb-en/shop?pStoreID=bizclubgold/gb-en/shop/tech-takes/best-laptops-for-data-science-and-data-analysis?pStoreID=bizclubgold/gb-en/shop/tech-takes/best-laptops-for-data-science-and-data-analysis?pStoreID=bizclubgold/gb-en/shop?pStoreID=bizclubgold/gb-en/shop?pStoreID=bizclubgold/gb-en/shop/tech-takes/best-laptops-for-data-science-and-data-analysis?pStoreID=bizclubgold/gb-en/shop/tech-takes/best-laptops-for-data-science-and-data-analysis?pStoreID=bizclubgold/gb-en/shop?pStoreID=bizclubgold/gb-en/shop/tech-takes/best-laptops-for-data-science-and-data-analysis?pStoreID=bizclubgold/gb-en/shop/tech-takes/best-laptops-for-data-science-and-data-analysis?pStoreID=bizclubgold/gb-en/shop/tech-takes/best-laptops-for-data-science-and-data-analysis?pStoreID=bizclubgold/1000#1', 'domain': 'bbc.com', 'title': 'Home - BBC News - NewsNewsUS senator meets man mistakenly deported to El Salvador But Salvadoran President Bukele says Kilmar Ábrego García - who ...', 'source_type': 'Retrieved', 'source_bucket': 'Retrieved Sources', 'source_content_chars': 9163, 'judge_nli_label': 'neutral', 'judge_nli_score': 3.0, 'judge_nli_reasoning': ""The source content does not provide any information regarding the Supreme Court's decision on gun restrictions, so it cannot confirm or deny the claim made in the response chunk."", 'judge_entailed': False, 'bert_nli_label': '', 'bert_nli_confidence': 0.0, 'bert_nli_reasoning': '', 'bert_entailed': False}, {'url': 'https://www.bbc.com/news?pStoreID=intuit/gb-en/shop?pStoreID=intuit/gb-en/shop/offer.aspx?p=c-gaming-promotion,intuit/1000#1', 'domain': 'bbc.com', 'title': 'BBC News - Breaking news, video and the latest top stories from the U.S. and around the world - NewsNewsTrump threatens 50% tariffs on EU and 25% on iPhonesShares in the US and Europe fall after the US president says trade t...', 'source_type': 'Retrieved', 'source_bucket': 'Retrieved Sources', 'source_content_chars': 9163, 'judge_nli_label': 'neutral', 'judge_nli_score': 3.0, 'judge_nli_reasoning': ""The source content does not provide any information regarding the Supreme Court's decision on gun restrictions, so it cannot confirm or deny the claim made in the response chunk."", 'judge_entailed': False, 'bert_nli_label': '', 'bert_nli_confidence': 0.0, 'bert_nli_reasoning': '', 'bert_entailed': False}, {'url': 'https://images.thedailystar.net/news/world?page=20', 'domain': 'images.thedailystar.net', 'title': 'World | The Daily Star', 'source_type': 'Retrieved', 'source_bucket': 'Retrieved Sources', 'source_content_chars': 0, 'judge_nli_label': '', 'judge_nli_score': 0.0, 'judge_nli_reasoning': '', 'judge_entailed': False, 'bert_nli_label': '', 'bert_nli_confidence': 0.0, 'bert_nli_reasoning': '', 'bert_entailed': False}, {'url': 'https://www.postandcourier.com/nation-world/around-the-world-in-2-minutes/article_aaf11595-231f-4742-ba02-be7c92947176.html', 'domain': 'postandcourier.com', 'title': 'Around the world in 2 minutes', 'source_type': 'Retrieved', 'source_bucket': 'Retrieved Sources', 'source_content_chars': 0, 'judge_nli_label': '', 'judge_nli_score': 0.0, 'judge_nli_reasoning': '', 'judge_entailed': False, 'bert_nli_label': '', 'bert_nli_confidence': 0.0, 'bert_nli_reasoning': '', 'bert_entailed': False}, {'url': 'https://www.bbc.com/?t=16325#1', 'domain': 'bbc.com', 'title': ""BBC Home - Breaking News, World News, US News, Sports, Business, Innovation, Climate, Culture, Travel, Video & Audio - Comey indictment escalates Trump's promise of political retributionThe criminal case against Comey fulfils the president's desir..."", 'source_type': 'Retrieved', 'source_bucket': 'Retrieved Sources', 'source_content_chars': 222, 'judge_nli_label': 'neutral', 'judge_nli_score': 3.0, 'judge_nli_reasoning': 'The source content discusses films to watch and does not provide any information about the Supreme Court or gun restrictions.', 'judge_entailed': False, 'bert_nli_label': '', 'bert_nli_confidence': 0.0, 'bert_nli_reasoning': '', 'bert_entailed': False}, {'url': 'https://abc7news.com/us-world/?userab=abcn_du_cat_topic_feature_holdout-474*variant_b_redesign-1939,abcn_popular_reads_exp-497*variant_a_control-2076,abcn_ad_cadence-481*control-a-1962,abcn_news_for_you_exp-496*variant_a_control-2074', 'domain': 'abc7news.com', 'title': 'U.S & World News | Breaking News & Video | ABC7 KGO-TV', 'source_type': 'Retrieved', 'source_bucket': 'Retrieved Sources', 'source_content_chars': 3428, 'judge_nli_label': 'neutral', 'judge_nli_score': 3.0, 'judge_nli_reasoning': ""The source content does not provide any information regarding the Supreme Court's decision on gun restrictions, so it cannot support or contradict the response chunk."", 'judge_entailed': False, 'bert_nli_label': '', 'bert_nli_confidence': 0.0, 'bert_nli_reasoning': '', 'bert_entailed': False}, {'url': 'https://www.wistv.com:443/news/national/#1', 'domain': 'wistv.com:443', 'title': 'National - Skip to content', 'source_type': 'Retrieved', 'source_bucket': 'Retrieved Sources', 'source_content_chars': 15609, 'judge_nli_label': 'neutral', 'judge_nli_score': 3.0, 'judge_nli_reasoning': 'The source content does not mention anything about the Supreme Court or any rulings related to gun restrictions, so it does not provide enough information to support or contradict the response chunk.', 'judge_entailed': False, 'bert_nli_label': '', 'bert_nli_confidence': 0.0, 'bert_nli_reasoning': '', 'bert_entailed': False}, {'url': 'https://www.thedailystar.net/news/world?archive=2013-12-17&page=2222#1', 'domain': 'thedailystar.net', 'title': 'World | The Daily Star - Russia pummels Kyiv as Zelensky heads to US', 'source_type': 'Retrieved', 'source_bucket': 'Retrieved Sources', 'source_content_chars': 218, 'judge_nli_label': 'neutral', 'judge_nli_score': 3.0, 'judge_nli_reasoning': ""The source content discusses Kofi Annan's views on global leadership and does not mention the Supreme Court or gun restrictions, providing no relevant information to support or contradict the response chunk."", 'judge_entailed': False, 'bert_nli_label': '', 'bert_nli_confidence': 0.0, 'bert_nli_reasoning': '', 'bert_entailed': False}, {'url': 'https://www.lbc.co.uk/?mi_u=9774b3a6e03343169181942884006342&mi_ecmp=evening(6pm)&utm_source=crm_LBC&utm_medium=email&utm_campaign=newsletter&utm_content=&mi_cmp=a112e7ce887fa34a~9732750~~~~~~&mi_sc=t#1', 'domain': 'lbc.co.uk', 'title': 'Latest Breaking UK and World News & Opinion | LBC - Nick Ferrari', 'source_type': 'Retrieved', 'source_bucket': 'Retrieved Sources', 'source_content_chars': 251, 'judge_nli_label': 'neutral', 'judge_nli_score': 3.0, 'judge_nli_reasoning': 'The source content discusses a tragic accident and does not mention anything related to the Supreme Court or gun restrictions, making it impossible to determine a relationship with the response chunk.', 'judge_entailed': False, 'bert_nli_label': '', 'bert_nli_confidence': 0.0, 'bert_nli_reasoning': '', 'bert_entailed': False}, {'url': 'https://www.bbc.com/news?xtor=ES-208-[72329_NEWS_NLB_INT_WK18_THU_2_MAY.html]-20240502-[bbcnews_bbcnewsfooter_nogenre]#1', 'domain': 'bbc.com', 'title': 'BBC News - Breaking news, video and the latest top stories from the U.S. and around the world - NewsOn the Strait of Hormuz, BBC finds seized ships and shark fishermen as uneasy calm returnsThe BBC visits Bandar Abbas to see...', 'source_type': 'Retrieved', 'source_bucket': 'Retrieved Sources', 'source_content_chars': 9163, 'judge_nli_label': 'neutral', 'judge_nli_score': 3.0, 'judge_nli_reasoning': ""The source content does not provide any information regarding the Supreme Court's decision on gun restrictions, so it cannot confirm or deny the claim made in the response chunk."", 'judge_entailed': False, 'bert_nli_label': '', 'bert_nli_confidence': 0.0, 'bert_nli_reasoning': '', 'bert_entailed': False}, {'url': 'https://abcnews.go.com/?id=4318311&page=1', 'domain': 'abcnews.go.com', 'title': 'ABC News – Breaking News, Latest News and Videos', 'source_type': 'Retrieved', 'source_bucket': 'Retrieved Sources', 'source_content_chars': 11417, 'judge_nli_label': 'neutral', 'judge_nli_score': 3.0, 'judge_nli_reasoning': 'The source content does not mention anything about the Supreme Court striking down restrictions on carrying guns on private property, so it does not provide enough information to support or contradict the response chunk.', 'judge_entailed': False, 'bert_nli_label': '', 'bert_nli_confidence': 0.0, 'bert_nli_reasoning': '', 'bert_entailed': False}, {'url': 'https://www.kcrg.com/news/national/26-Victims-To-Get-597-Million-In-Penn-State-Abuse-Scandal-229578141.html#1', 'domain': 'kcrg.com', 'title': 'National News - Skip to content', 'source_type': 'Retrieved', 'source_bucket': 'Retrieved Sources', 'source_content_chars': 15453, 'judge_nli_label': 'neutral', 'judge_nli_score': 3.0, 'judge_nli_reasoning': 'The source content does not mention anything about the Supreme Court or any rulings related to gun restrictions, so it does not provide enough information to support or contradict the claim in the response chunk.', 'judge_entailed': False, 'bert_nli_label': '', 'bert_nli_confidence': 0.0, 'bert_nli_reasoning': '', 'bert_entailed': False}, {'url': 'https://www.yicai.com/news/102739578.html', 'domain': 'yicai.com', 'title': '泰国代理总理：需谨慎应对当前事态', 'source_type': 'Retrieved', 'source_bucket': 'Retrieved Sources', 'source_content_chars': 595, 'judge_nli_label': 'neutral', 'judge_nli_score': 3.0, 'judge_nli_reasoning': 'The source content discusses a statement by the Thai acting prime minister regarding current events and does not mention anything about the Supreme Court or gun restrictions, leaving the relationship between the response chunk and the source content unclear.', 'judge_entailed': False, 'bert_nli_label': '', 'bert_nli_confidence': 0.0, 'bert_nli_reasoning': '', 'bert_entailed': False}, {'url': 'https://www.aastocks.com/sc/mobile/news.aspx?newsid=GLH2627105L&newstype=61&newssource=GLH', 'domain': 'aastocks.com', 'title': '财经新闻 Financial News', 'source_type': 'Retrieved', 'source_bucket': 'Retrieved Sources', 'source_content_chars': 294, 'judge_nli_label': 'neutral', 'judge_nli_score': 3.0, 'judge_nli_reasoning': 'The source content does not provide any information regarding the Supreme Court or gun restrictions, making it impossible to determine the relationship with the response chunk.', 'judge_entailed': False, 'bert_nli_label': '', 'bert_nli_confidence': 0.0, 'bert_nli_reasoning': '', 'bert_entailed': False}]"
0,deepseek-v4-flash,deepseek,auto,web::6a8712d5-bc24-83ed-a880-52106c9c8a40::aa46c3d4-d77f-41cd-922a-bda37bb6d346,0,6a8712d5-bc24-83ed-a880-52106c9c8a40,aa46c3d4-d77f-41cd-922a-bda37bb6d346,What are the News today?,"I'll search for today's news for you.
Based on my search of today's news, here's a summary of the top stories making headlines right now:

## 🌍 Top News Today

### US Politics & Legal
- **James Comey indicted**: The former FBI director has been indicted on two charges, which he says are politically motivated following pressure from Trump on prosecutors.
- **Trumps tariffs escalation**: President Trump has threatened 50% tariffs on the EU and 25% on iPhones, causing US and European stock markets to fall. Trade talks with the EU are reportedly ""going nowhere.""
- **TikTok deal**: Trump says a deal on TikTok's future in the US has been made, but it hasn't been confirmed by China or ByteDance.
- **Supreme Court rulings**: SCOTUS struck down restrictions on carrying guns on private property and cleared the way for Trump to revive immigration policies (ending protections for Haitians and Syrians).

### Middle East
- **Gaza conflict**: Hamas formally rejected an Israeli ceasefire offer, saying it wants a deal freeing all hostages in exchange for ending the war. Israeli forces also raided and shut down a major hospital in northern Gaza.
- **US-Iran tensions**: Trump said he's holding off on new strikes against Iran after discussions with Gulf allies, though pressure on Tehran continues.
- **Tony Blair talks**: The former UK PM is reportedly in discussions to run a transitional Gaza authority.

### Global
- **Venezuela earthquakes**: At least 164 people dead and 971 injured after twin powerful earthquakes struck the country.
- **US-China trade war**: The US laid out plans to hit Chinese ships with port fees, and China's neighbors are caught between the two superpowers.
- **Ukraine**: Russia and Ukraine took part in the biggest prisoner swap since the 2022 invasion, while Ukraine said an outline of a minerals deal with the US was signed.
- **Google monopoly**: A judge ruled Google has an illegal advertising monopoly—its second major antitrust loss.

### Business & Tech
- **Ola struggles**: India's EV pioneer faces falling sales amid rising competition and regulatory scrutiny.
- **Harvard**: A judge temporarily blocked Trump's plan to stop Harvard enrolling foreign students.

### Other Notable Stories
- **Venezuela quake survivor** pulled out alive after eight days.
- **Deportation controversy**: A US senator met a man mistakenly deported to El Salvador.
- **King Charles III** expected to reveal his personal tax bill.

---

Would you like me to dig deeper into any particular story or category (politics, business, sports, entertainment, etc.)?",8,The Supreme Court cleared the way for Trump to revive immigration policies.,[],[],15,Parametric Knowledge,Unknown,,,,,0.0,,False,,0.0,,False,False,False,True,"[{'url': 'https://edition.cnn.com/2026/08/23/world/video/22920342-pencecanadatrade-vrtc', 'domain': 'edition.cnn.com', 'title': 'Former VP Pence says trade war with Canada is ‘last thing we need right now’ | CNN', 'source_type': 'Retrieved', 'source_bucket': 'Retrieved Sources', 'source_content_chars': 375, 'judge_nli_label': 'neutral', 'judge_nli_score': 3.0, 'judge_nli_reasoning': ""The source content discusses Iranian women's dress and protests, which is unrelated to the Supreme Court or Trump's immigration policies."", 'judge_entailed': False, 'bert_nli_label': '', 'bert_nli_confidence': 0.0, 'bert_nli_reasoning': '', 'bert_entailed': False}, {'url': 'https://www.bbc.com/news?pStoreID=bizclubgold/gb-en/shop/tech-takes/best-laptops-for-data-science-and-data-analysis?pStoreID=bizclubgold/gb-en/shop/tech-takes/best-laptops-for-data-science-and-data-analysis?pStoreID=bizclubgold/gb-en/shop?pStoreID=bizclubgold/gb-en/shop?pStoreID=bizclubgold/gb-en/shop?pStoreID=bizclubgold/gb-en/shop/tech-takes/best-laptops-for-data-science-and-data-analysis?pStoreID=bizclubgold/gb-en/shop/tech-takes/best-laptops-for-data-science-and-data-analysis?pStoreID=bizclubgold/gb-en/shop?pStoreID=bizclubgold/gb-en/shop?pStoreID=bizclubgold/gb-en/shop/tech-takes/best-laptops-for-data-science-and-data-analysis?pStoreID=bizclubgold/gb-en/shop/tech-takes/best-laptops-for-data-science-and-data-analysis?pStoreID=bizclubgold/gb-en/shop?pStoreID=bizclubgold/gb-en/shop/tech-takes/best-laptops-for-data-science-and-data-analysis?pStoreID=bizclubgold/gb-en/shop/tech-takes/best-laptops-for-data-science-and-data-analysis?pStoreID=bizclubgold/gb-en/shop/tech-takes/best-laptops-for-data-science-and-data-analysis?pStoreID=bizclubgold/1000#1', 'domain': 'bbc.com', 'title': 'Home - BBC News - NewsNewsUS senator meets man mistakenly deported to El Salvador But Salvadoran President Bukele says Kilmar Ábrego García - who ...', 'source_type': 'Retrieved', 'source_bucket': 'Retrieved Sources', 'source_content_chars': 9163, 'judge_nli_label': 'neutral', 'judge_nli_score': 3.0, 'judge_nli_reasoning': ""The source content does not provide any information regarding the Supreme Court's actions or Trump's immigration policies, so it cannot confirm or deny the claim made in the response chunk."", 'judge_entailed': False, 'bert_nli_label': '', 'bert_nli_confidence': 0.0, 'bert_nli_reasoning': '', 'bert_entailed': False}, {'url': 'https://www.bbc.com/news?pStoreID=intuit/gb-en/shop?pStoreID=intuit/gb-en/shop/offer.aspx?p=c-gaming-promotion,intuit/1000#1', 'domain': 'bbc.com', 'title': 'BBC News - Breaking news, video and the latest top stories from the U.S. and around the world - NewsNewsTrump threatens 50% tariffs on EU and 25% on iPhonesShares in the US and Europe fall after the US president says trade t...', 'source_type': 'Retrieved', 'source_bucket': 'Retrieved Sources', 'source_content_chars': 9163, 'judge_nli_label': 'neutral', 'judge_nli_score': 3.0, 'judge_nli_reasoning': ""The source content does not provide any information regarding the Supreme Court's actions or Trump's immigration policies, making it impossible to determine if the response chunk is supported or contradicted."", 'judge_entailed': False, 'bert_nli_label': '', 'bert_nli_confidence': 0.0, 'bert_nli_reasoning': '', 'bert_entailed': False}, {'url': 'https://images.thedailystar.net/news/world?page=20', 'domain': 'images.thedailystar.net', 'title': 'World | The Daily Star', 'source_type': 'Retrieved', 'source_bucket': 'Retrieved Sources', 'source_content_chars': 0, 'judge_nli_label': '', 'judge_nli_score': 0.0, 'judge_nli_reasoning': '', 'judge_entailed': False, 'bert_nli_label': '', 'bert_nli_confidence': 0.0, 'bert_nli_reasoning': '', 'bert_entailed': False}, {'url': 'https://www.postandcourier.com/nation-world/around-the-world-in-2-minutes/article_aaf11595-231f-4742-ba02-be7c92947176.html', 'domain': 'postandcourier.com', 'title': 'Around the world in 2 minutes', 'source_type': 'Retrieved', 'source_bucket': 'Retrieved Sources', 'source_content_chars': 0, 'judge_nli_label': '', 'judge_nli_score': 0.0, 'judge_nli_reasoning': '', 'judge_entailed': False, 'bert_nli_label': '', 'bert_nli_confidence': 0.0, 'bert_nli_reasoning': '', 'bert_entailed': False}, {'url': 'https://www.bbc.com/?t=16325#1', 'domain': 'bbc.com', 'title': ""BBC Home - Breaking News, World News, US News, Sports, Business, Innovation, Climate, Culture, Travel, Video & Audio - Comey indictment escalates Trump's promise of political retributionThe criminal case against Comey fulfils the president's desir..."", 'source_type': 'Retrieved', 'source_bucket': 'Retrieved Sources', 'source_content_chars': 222, 'judge_nli_label': 'neutral', 'judge_nli_score': 3.0, 'judge_nli_reasoning': 'The source content discusses films to watch and does not provide any information about the Supreme Court or immigration policies, making it impossible to determine a relationship with the response chunk.', 'judge_entailed': False, 'bert_nli_label': '', 'bert_nli_confidence': 0.0, 'bert_nli_reasoning': '', 'bert_entailed': False}, {'url': 'https://abc7news.com/us-world/?userab=abcn_du_cat_topic_feature_holdout-474*variant_b_redesign-1939,abcn_popular_reads_exp-497*variant_a_control-2076,abcn_ad_cadence-481*control-a-1962,abcn_news_for_you_exp-496*variant_a_control-2074', 'domain': 'abc7news.com', 'title': 'U.S & World News | Breaking News & Video | ABC7 KGO-TV', 'source_type': 'Retrieved', 'source_bucket': 'Retrieved Sources', 'source_content_chars': 3428, 'judge_nli_label': 'contradiction', 'judge_nli_score': 5.0, 'judge_nli_reasoning': 'The source content states that a Trump policy that suspended visas for 75 countries was struck down, which contradicts the claim that the Supreme Court cleared the way for Trump to revive immigration policies.', 'judge_entailed': False, 'bert_nli_label': '', 'bert_nli_confidence': 0.0, 'bert_nli_reasoning': '', 'bert_entailed': False}, {'url': 'https://www.wistv.com:443/news/national/#1', 'domain': 'wistv.com:443', 'title': 'National - Skip to content', 'source_type': 'Retrieved', 'source_bucket': 'Retrieved Sources', 'source_content_chars': 15609, 'judge_nli_label': 'neutral', 'judge_nli_score': 3.0, 'judge_nli_reasoning': ""The source content does not mention anything about the Supreme Court or Trump's immigration policies, so there is insufficient information to determine the accuracy of the response chunk."", 'judge_entailed': False, 'bert_nli_label': '', 'bert_nli_confidence': 0.0, 'bert_nli_reasoning': '', 'bert_entailed': False}, {'url': 'https://www.thedailystar.net/news/world?archive=2013-12-17&page=2222#1', 'domain': 'thedailystar.net', 'title': 'World | The Daily Star - Russia pummels Kyiv as Zelensky heads to US', 'source_type': 'Retrieved', 'source_bucket': 'Retrieved Sources', 'source_content_chars': 218, 'judge_nli_label': 'neutral', 'judge_nli_score': 3.0, 'judge_nli_reasoning': ""The source content discusses Kofi Annan's views on global leadership and cooperation regarding various issues, but it does not mention the Supreme Court, Trump, or immigration policies, leaving the relationship between the response chunk and the source content unclear."", 'judge_entailed': False, 'bert_nli_label': '', 'bert_nli_confidence': 0.0, 'bert_nli_reasoning': '', 'bert_entailed': False}, {'url': 'https://www.lbc.co.uk/?mi_u=9774b3a6e03343169181942884006342&mi_ecmp=evening(6pm)&utm_source=crm_LBC&utm_medium=email&utm_campaign=newsletter&utm_content=&mi_cmp=a112e7ce887fa34a~9732750~~~~~~&mi_sc=t#1', 'domain': 'lbc.co.uk', 'title': 'Latest Breaking UK and World News & Opinion | LBC - Nick Ferrari', 'source_type': 'Retrieved', 'source_bucket': 'Retrieved Sources', 'source_content_chars': 251, 'judge_nli_label': 'neutral', 'judge_nli_score': 3.0, 'judge_nli_reasoning': 'The source content discusses a tragic accident and does not mention anything related to the Supreme Court or immigration policies, making it impossible to determine a relationship with the response chunk.', 'judge_entailed': False, 'bert_nli_label': '', 'bert_nli_confidence': 0.0, 'bert_nli_reasoning': '', 'bert_entailed': False}, {'url': 'https://www.bbc.com/news?xtor=ES-208-[72329_NEWS_NLB_INT_WK18_THU_2_MAY.html]-20240502-[bbcnews_bbcnewsfooter_nogenre]#1', 'domain': 'bbc.com', 'title': 'BBC News - Breaking news, video and the latest top stories from the U.S. and around the world - NewsOn the Strait of Hormuz, BBC finds seized ships and shark fishermen as uneasy calm returnsThe BBC visits Bandar Abbas to see...', 'source_type': 'Retrieved', 'source_bucket': 'Retrieved Sources', 'source_content_chars': 9163, 'judge_nli_label': 'neutral', 'judge_nli_score': 3.0, 'judge_nli_reasoning': ""The source content does not provide any information regarding the Supreme Court's actions or Trump's immigration policies, so it cannot confirm or deny the claim made in the response chunk."", 'judge_entailed': False, 'bert_nli_label': '', 'bert_nli_confidence': 0.0, 'bert_nli_reasoning': '', 'bert_entailed': False}, {'url': 'https://abcnews.go.com/?id=4318311&page=1', 'domain': 'abcnews.go.com', 'title': 'ABC News – Breaking News, Latest News and Videos', 'source_type': 'Retrieved', 'source_bucket': 'Retrieved Sources', 'source_content_chars': 11417, 'judge_nli_label': 'neutral', 'judge_nli_score': 3.0, 'judge_nli_reasoning': ""The source content does not provide any information regarding the Supreme Court's actions related to Trump's immigration policies, so it cannot confirm or deny the claim made in the response chunk."", 'judge_entailed': False, 'bert_nli_label': '', 'bert_nli_confidence': 0.0, 'bert_nli_reasoning': '', 'bert_entailed': False}, {'url': 'https://www.kcrg.com/news/national/26-Victims-To-Get-597-Million-In-Penn-State-Abuse-Scandal-229578141.html#1', 'domain': 'kcrg.com', 'title': 'National News - Skip to content', 'source_type': 'Retrieved', 'source_bucket': 'Retrieved Sources', 'source_content_chars': 15453, 'judge_nli_label': 'neutral', 'judge_nli_score': 3.0, 'judge_nli_reasoning': ""The source content does not provide any information regarding the Supreme Court's actions or Trump's immigration policies, making it impossible to determine if the response chunk is supported or contradicted."", 'judge_entailed': False, 'bert_nli_label': '', 'bert_nli_confidence': 0.0, 'bert_nli_reasoning': '', 'bert_entailed': False}, {'url': 'https://www.yicai.com/news/102739578.html', 'domain': 'yicai.com', 'title': '泰国代理总理：需谨慎应对当前事态', 'source_type': 'Retrieved', 'source_bucket': 'Retrieved Sources', 'source_content_chars': 595, 'judge_nli_label': 'neutral', 'judge_nli_score': 3.0, 'judge_nli_reasoning': 'The source content discusses a statement from the Thai acting prime minister regarding current events and does not mention the Supreme Court or immigration policies, leaving the relationship between the response chunk and the source content unclear.', 'judge_entailed': False, 'bert_nli_label': '', 'bert_nli_confidence': 0.0, 'bert_nli_reasoning': '', 'bert_entailed': False}, {'url': 'https://www.aastocks.com/sc/mobile/news.aspx?newsid=GLH2627105L&newstype=61&newssource=GLH', 'domain': 'aastocks.com', 'title': '财经新闻 Financial News', 'source_type': 'Retrieved', 'source_bucket': 'Retrieved Sources', 'source_content_chars': 294, 'judge_nli_label': 'neutral', 'judge_nli_score': 3.0, 'judge_nli_reasoning': ""The source content does not provide any information regarding the Supreme Court or Trump's immigration policies, making it impossible to determine a relationship with the response chunk."", 'judge_entailed': False, 'bert_nli_label': '', 'bert_nli_confidence': 0.0, 'bert_nli_reasoning': '', 'bert_entailed': False}]"
0,deepseek-v4-flash,deepseek,auto,web::6a8712d5-bc24-83ed-a880-52106c9c8a40::aa46c3d4-d77f-41cd-922a-bda37bb6d346,0,6a8712d5-bc24-83ed-a880-52106c9c8a40,aa46c3d4-d77f-41cd-922a-bda37bb6d346,What are the News today?,"I'll search for today's news for you.
Based on my search of today's news, here's a summary of the top stories making headlines right now:

## 🌍 Top News Today

### US Politics & Legal
- **James Comey indicted**: The former FBI director has been indicted on two charges, which he says are politically motivated following pressure from Trump on prosecutors.
- **Trumps tariffs escalation**: President Trump has threatened 50% tariffs on the EU and 25% on iPhones, causing US and European stock markets to fall. Trade talks with the EU are reportedly ""going nowhere.""
- **TikTok deal**: Trump says a deal on TikTok's future in the US has been made, but it hasn't been confirmed by China or ByteDance.
- **Supreme Court rulings**: SCOTUS struck down restrictions on carrying guns on private property and cleared the way for Trump to revive immigration policies (ending protections for Haitians and Syrians).

### Middle East
- **Gaza conflict**: Hamas formally rejected an Israeli ceasefire offer, saying it wants a deal freeing all hostages in exchange for ending the war. Israeli forces also raided and shut down a major hospital in northern Gaza.
- **US-Iran tensions**: Trump said he's holding off on new strikes against Iran after discussions with Gulf allies, though pressure on Tehran continues.
- **Tony Blair talks**: The former UK PM is reportedly in discussions to run a transitional Gaza authority.

### Global
- **Venezuela earthquakes**: At least 164 people dead and 971 injured after twin powerful earthquakes struck the country.
- **US-China trade war**: The US laid out plans to hit Chinese ships with port fees, and China's neighbors are caught between the two superpowers.
- **Ukraine**: Russia and Ukraine took part in the biggest prisoner swap since the 2022 invasion, while Ukraine said an outline of a minerals deal with the US was signed.
- **Google monopoly**: A judge ruled Google has an illegal advertising monopoly—its second major antitrust loss.

### Business & Tech
- **Ola struggles**: India's EV pioneer faces falling sales amid rising competition and regulatory scrutiny.
- **Harvard**: A judge temporarily blocked Trump's plan to stop Harvard enrolling foreign students.

### Other Notable Stories
- **Venezuela quake survivor** pulled out alive after eight days.
- **Deportation controversy**: A US senator met a man mistakenly deported to El Salvador.
- **King Charles III** expected to reveal his personal tax bill.

---

Would you like me to dig deeper into any particular story or category (politics, business, sports, entertainment, etc.)?",9,Trump's revival of immigration policies will end protections for Haitians and Syrians.,[],[],15,Parametric Knowledge,Unknown,,,,,0.0,,False,,0.0,,False,False,False,True,"[{'url': 'https://edition.cnn.com/2026/08/23/world/video/22920342-pencecanadatrade-vrtc', 'domain': 'edition.cnn.com', 'title': 'Former VP Pence says trade war with Canada is ‘last thing we need right now’ | CNN', 'source_type': 'Retrieved', 'source_bucket': 'Retrieved Sources', 'source_content_chars': 375, 'judge_nli_label': 'neutral', 'judge_nli_score': 3.0, 'judge_nli_reasoning': ""The source content discusses Iranian women's dress and protests, which does not provide any information about Trump's immigration policies or protections for Haitians and Syrians."", 'judge_entailed': False, 'bert_nli_label': '', 'bert_nli_confidence': 0.0, 'bert_nli_reasoning': '', 'bert_entailed': False}, {'url': 'https://www.bbc.com/news?pStoreID=bizclubgold/gb-en/shop/tech-takes/best-laptops-for-data-science-and-data-analysis?pStoreID=bizclubgold/gb-en/shop/tech-takes/best-laptops-for-data-science-and-data-analysis?pStoreID=bizclubgold/gb-en/shop?pStoreID=bizclubgold/gb-en/shop?pStoreID=bizclubgold/gb-en/shop?pStoreID=bizclubgold/gb-en/shop/tech-takes/best-laptops-for-data-science-and-data-analysis?pStoreID=bizclubgold/gb-en/shop/tech-takes/best-laptops-for-data-science-and-data-analysis?pStoreID=bizclubgold/gb-en/shop?pStoreID=bizclubgold/gb-en/shop?pStoreID=bizclubgold/gb-en/shop/tech-takes/best-laptops-for-data-science-and-data-analysis?pStoreID=bizclubgold/gb-en/shop/tech-takes/best-laptops-for-data-science-and-data-analysis?pStoreID=bizclubgold/gb-en/shop?pStoreID=bizclubgold/gb-en/shop/tech-takes/best-laptops-for-data-science-and-data-analysis?pStoreID=bizclubgold/gb-en/shop/tech-takes/best-laptops-for-data-science-and-data-analysis?pStoreID=bizclubgold/gb-en/shop/tech-takes/best-laptops-for-data-science-and-data-analysis?pStoreID=bizclubgold/1000#1', 'domain': 'bbc.com', 'title': 'Home - BBC News - NewsNewsUS senator meets man mistakenly deported to El Salvador But Salvadoran President Bukele says Kilmar Ábrego García - who ...', 'source_type': 'Retrieved', 'source_bucket': 'Retrieved Sources', 'source_content_chars': 9163, 'judge_nli_label': 'neutral', 'judge_nli_score': 3.0, 'judge_nli_reasoning': ""The source content does not provide any information regarding Trump's immigration policies or their impact on protections for Haitians and Syrians, making it impossible to determine the accuracy of the response chunk."", 'judge_entailed': False, 'bert_nli_label': '', 'bert_nli_confidence': 0.0, 'bert_nli_reasoning': '', 'bert_entailed': False}, {'url': 'https://www.bbc.com/news?pStoreID=intuit/gb-en/shop?pStoreID=intuit/gb-en/shop/offer.aspx?p=c-gaming-promotion,intuit/1000#1', 'domain': 'bbc.com', 'title': 'BBC News - Breaking news, video and the latest top stories from the U.S. and around the world - NewsNewsTrump threatens 50% tariffs on EU and 25% on iPhonesShares in the US and Europe fall after the US president says trade t...', 'source_type': 'Retrieved', 'source_bucket': 'Retrieved Sources', 'source_content_chars': 9163, 'judge_nli_label': 'neutral', 'judge_nli_score': 3.0, 'judge_nli_reasoning': ""The source content does not provide any information regarding Trump's immigration policies or their impact on protections for Haitians and Syrians, making it impossible to determine the accuracy of the response chunk."", 'judge_entailed': False, 'bert_nli_label': '', 'bert_nli_confidence': 0.0, 'bert_nli_reasoning': '', 'bert_entailed': False}, {'url': 'https://images.thedailystar.net/news/world?page=20', 'domain': 'images.thedailystar.net', 'title': 'World | The Daily Star', 'source_type': 'Retrieved', 'source_bucket': 'Retrieved Sources', 'source_content_chars': 0, 'judge_nli_label': '', 'judge_nli_score': 0.0, 'judge_nli_reasoning': '', 'judge_entailed': False, 'bert_nli_label': '', 'bert_nli_confidence': 0.0, 'bert_nli_reasoning': '', 'bert_entailed': False}, {'url': 'https://www.postandcourier.com/nation-world/around-the-world-in-2-minutes/article_aaf11595-231f-4742-ba02-be7c92947176.html', 'domain': 'postandcourier.com', 'title': 'Around the world in 2 minutes', 'source_type': 'Retrieved', 'source_bucket': 'Retrieved Sources', 'source_content_chars': 0, 'judge_nli_label': '', 'judge_nli_score': 0.0, 'judge_nli_reasoning': '', 'judge_entailed': False, 'bert_nli_label': '', 'bert_nli_confidence': 0.0, 'bert_nli_reasoning': '', 'bert_entailed': False}, {'url': 'https://www.bbc.com/?t=16325#1', 'domain': 'bbc.com', 'title': ""BBC Home - Breaking News, World News, US News, Sports, Business, Innovation, Climate, Culture, Travel, Video & Audio - Comey indictment escalates Trump's promise of political retributionThe criminal case against Comey fulfils the president's desir..."", 'source_type': 'Retrieved', 'source_bucket': 'Retrieved Sources', 'source_content_chars': 222, 'judge_nli_label': 'neutral', 'judge_nli_score': 3.0, 'judge_nli_reasoning': 'The source content discusses films to watch and does not provide any information about immigration policies or protections for Haitians and Syrians.', 'judge_entailed': False, 'bert_nli_label': '', 'bert_nli_confidence': 0.0, 'bert_nli_reasoning': '', 'bert_entailed': False}, {'url': 'https://abc7news.com/us-world/?userab=abcn_du_cat_topic_feature_holdout-474*variant_b_redesign-1939,abcn_popular_reads_exp-497*variant_a_control-2076,abcn_ad_cadence-481*control-a-1962,abcn_news_for_you_exp-496*variant_a_control-2074', 'domain': 'abc7news.com', 'title': 'U.S & World News | Breaking News & Video | ABC7 KGO-TV', 'source_type': 'Retrieved', 'source_bucket': 'Retrieved Sources', 'source_content_chars': 3428, 'judge_nli_label': 'neutral', 'judge_nli_score': 3.0, 'judge_nli_reasoning': ""The source content does not provide any information regarding Trump's immigration policies or their impact on protections for Haitians and Syrians, making it impossible to determine the truth of the response chunk."", 'judge_entailed': False, 'bert_nli_label': '', 'bert_nli_confidence': 0.0, 'bert_nli_reasoning': '', 'bert_entailed': False}, {'url': 'https://www.wistv.com:443/news/national/#1', 'domain': 'wistv.com:443', 'title': 'National - Skip to content', 'source_type': 'Retrieved', 'source_bucket': 'Retrieved Sources', 'source_content_chars': 15609, 'judge_nli_label': 'neutral', 'judge_nli_score': 3.0, 'judge_nli_reasoning': ""The source content does not provide any information regarding Trump's immigration policies or their impact on protections for Haitians and Syrians, making it impossible to determine the accuracy of the response chunk."", 'judge_entailed': False, 'bert_nli_label': '', 'bert_nli_confidence': 0.0, 'bert_nli_reasoning': '', 'bert_entailed': False}, {'url': 'https://www.thedailystar.net/news/world?archive=2013-12-17&page=2222#1', 'domain': 'thedailystar.net', 'title': 'World | The Daily Star - Russia pummels Kyiv as Zelensky heads to US', 'source_type': 'Retrieved', 'source_bucket': 'Retrieved Sources', 'source_content_chars': 218, 'judge_nli_label': 'neutral', 'judge_nli_score': 3.0, 'judge_nli_reasoning': ""The source content discusses global leadership and cooperation on various issues but does not mention Trump's immigration policies or their impact on Haitians and Syrians."", 'judge_entailed': False, 'bert_nli_label': '', 'bert_nli_confidence': 0.0, 'bert_nli_reasoning': '', 'bert_entailed': False}, {'url': 'https://www.lbc.co.uk/?mi_u=9774b3a6e03343169181942884006342&mi_ecmp=evening(6pm)&utm_source=crm_LBC&utm_medium=email&utm_campaign=newsletter&utm_content=&mi_cmp=a112e7ce887fa34a~9732750~~~~~~&mi_sc=t#1', 'domain': 'lbc.co.uk', 'title': 'Latest Breaking UK and World News & Opinion | LBC - Nick Ferrari', 'source_type': 'Retrieved', 'source_bucket': 'Retrieved Sources', 'source_content_chars': 251, 'judge_nli_label': 'neutral', 'judge_nli_score': 3.0, 'judge_nli_reasoning': 'The source content discusses a tragic accident and does not provide any information about immigration policies or protections for Haitians and Syrians.', 'judge_entailed': False, 'bert_nli_label': '', 'bert_nli_confidence': 0.0, 'bert_nli_reasoning': '', 'bert_entailed': False}, {'url': 'https://www.bbc.com/news?xtor=ES-208-[72329_NEWS_NLB_INT_WK18_THU_2_MAY.html]-20240502-[bbcnews_bbcnewsfooter_nogenre]#1', 'domain': 'bbc.com', 'title': 'BBC News - Breaking news, video and the latest top stories from the U.S. and around the world - NewsOn the Strait of Hormuz, BBC finds seized ships and shark fishermen as uneasy calm returnsThe BBC visits Bandar Abbas to see...', 'source_type': 'Retrieved', 'source_bucket': 'Retrieved Sources', 'source_content_chars': 9163, 'judge_nli_label': 'neutral', 'judge_nli_score': 3.0, 'judge_nli_reasoning': ""The source content does not provide any information regarding Trump's immigration policies or their impact on protections for Haitians and Syrians, making it impossible to determine the accuracy of the response chunk."", 'judge_entailed': False, 'bert_nli_label': '', 'bert_nli_confidence': 0.0, 'bert_nli_reasoning': '', 'bert_entailed': False}, {'url': 'https://abcnews.go.com/?id=4318311&page=1', 'domain': 'abcnews.go.com', 'title': 'ABC News – Breaking News, Latest News and Videos', 'source_type': 'Retrieved', 'source_bucket': 'Retrieved Sources', 'source_content_chars': 11417, 'judge_nli_label': 'neutral', 'judge_nli_score': 3.0, 'judge_nli_reasoning': ""The source content does not provide any information regarding Trump's immigration policies or their impact on protections for Haitians and Syrians, making it impossible to determine the accuracy of the response chunk."", 'judge_entailed': False, 'bert_nli_label': '', 'bert_nli_confidence': 0.0, 'bert_nli_reasoning': '', 'bert_entailed': False}, {'url': 'https://www.kcrg.com/news/national/26-Victims-To-Get-597-Million-In-Penn-State-Abuse-Scandal-229578141.html#1', 'domain': 'kcrg.com', 'title': 'National News - Skip to content', 'source_type': 'Retrieved', 'source_bucket': 'Retrieved Sources', 'source_content_chars': 15453, 'judge_nli_label': 'neutral', 'judge_nli_score': 3.0, 'judge_nli_reasoning': ""The source content does not provide any information regarding Trump's immigration policies or their impact on protections for Haitians and Syrians, making it impossible to determine the accuracy of the response chunk."", 'judge_entailed': False, 'bert_nli_label': '', 'bert_nli_confidence': 0.0, 'bert_nli_reasoning': '', 'bert_entailed': False}, {'url': 'https://www.yicai.com/news/102739578.html', 'domain': 'yicai.com', 'title': '泰国代理总理：需谨慎应对当前事态', 'source_type': 'Retrieved', 'source_bucket': 'Retrieved Sources', 'source_content_chars': 595, 'judge_nli_label': 'neutral', 'judge_nli_score': 3.0, 'judge_nli_reasoning': 'The source content does not mention immigration policies, Haitians, or Syrians, so it does not provide enough information to support or contradict the claims made in the response chunk.', 'judge_entailed': False, 'bert_nli_label': '', 'bert_nli_confidence': 0.0, 'bert_nli_reasoning': '', 'bert_entailed': False}, {'url': 'https://www.aastocks.com/sc/mobile/news.aspx?newsid=GLH2627105L&newstype=61&newssource=GLH', 'domain': 'aastocks.com', 'title': '财经新闻 Financial News', 'source_type': 'Retrieved', 'source_bucket': 'Retrieved Sources', 'source_content_chars': 294, 'judge_nli_label': 'neutral', 'judge_nli_score': 3.0, 'judge_nli_reasoning': ""The source content does not provide any information regarding Trump's immigration policies or their impact on protections for Haitians and Syrians, making it impossible to determine a relationship."", 'judge_entailed': False, 'bert_nli_label': '', 'bert_nli_confidence': 0.0, 'bert_nli_reasoning': '', 'bert_entailed': False}]"
0,deepseek-v4-flash,deepseek,auto,web::6a8712d5-bc24-83ed-a880-52106c9c8a40::aa46c3d4-d77f-41cd-922a-bda37bb6d346,0,6a8712d5-bc24-83ed-a880-52106c9c8a40,aa46c3d4-d77f-41cd-922a-bda37bb6d346,What are the News today?,"I'll search for today's news for you.
Based on my search of today's news, here's a summary of the top stories making headlines right now:

## 🌍 Top News Today

### US Politics & Legal
- **James Comey indicted**: The former FBI director has been indicted on two charges, which he says are politically motivated following pressure from Trump on prosecutors.
- **Trumps tariffs escalation**: President Trump has threatened 50% tariffs on the EU and 25% on iPhones, causing US and European stock markets to fall. Trade talks with the EU are reportedly ""going nowhere.""
- **TikTok deal**: Trump says a deal on TikTok's future in the US has been made, but it hasn't been confirmed by China or ByteDance.
- **Supreme Court rulings**: SCOTUS struck down restrictions on carrying guns on private property and cleared the way for Trump to revive immigration policies (ending protections for Haitians and Syrians).

### Middle East
- **Gaza conflict**: Hamas formally rejected an Israeli ceasefire offer, saying it wants a deal freeing all hostages in exchange for ending the war. Israeli forces also raided and shut down a major hospital in northern Gaza.
- **US-Iran tensions**: Trump said he's holding off on new strikes against Iran after discussions with Gulf allies, though pressure on Tehran continues.
- **Tony Blair talks**: The former UK PM is reportedly in discussions to run a transitional Gaza authority.

### Global
- **Venezuela earthquakes**: At least 164 people dead and 971 injured after twin powerful earthquakes struck the country.
- **US-China trade war**: The US laid out plans to hit Chinese ships with port fees, and China's neighbors are caught between the two superpowers.
- **Ukraine**: Russia and Ukraine took part in the biggest prisoner swap since the 2022 invasion, while Ukraine said an outline of a minerals deal with the US was signed.
- **Google monopoly**: A judge ruled Google has an illegal advertising monopoly—its second major antitrust loss.

### Business & Tech
- **Ola struggles**: India's EV pioneer faces falling sales amid rising competition and regulatory scrutiny.
- **Harvard**: A judge temporarily blocked Trump's plan to stop Harvard enrolling foreign students.

### Other Notable Stories
- **Venezuela quake survivor** pulled out alive after eight days.
- **Deportation controversy**: A US senator met a man mistakenly deported to El Salvador.
- **King Charles III** expected to reveal his personal tax bill.

---

Would you like me to dig deeper into any particular story or category (politics, business, sports, entertainment, etc.)?",10,Hamas formally rejected an Israeli ceasefire offer.,[],[],15,Parametric Knowledge,Unknown,,,,,0.0,,False,,0.0,,False,False,False,True,"[{'url': 'https://edition.cnn.com/2026/08/23/world/video/22920342-pencecanadatrade-vrtc', 'domain': 'edition.cnn.com', 'title': 'Former VP Pence says trade war with Canada is ‘last thing we need right now’ | CNN', 'source_type': 'Retrieved', 'source_bucket': 'Retrieved Sources', 'source_content_chars': 375, 'judge_nli_label': 'neutral', 'judge_nli_score': 3.0, 'judge_nli_reasoning': ""The source content discusses Iranian women's dress and protests, which is unrelated to Hamas or an Israeli ceasefire offer, providing no information to support or contradict the response chunk."", 'judge_entailed': False, 'bert_nli_label': '', 'bert_nli_confidence': 0.0, 'bert_nli_reasoning': '', 'bert_entailed': False}, {'url': 'https://www.bbc.com/news?pStoreID=bizclubgold/gb-en/shop/tech-takes/best-laptops-for-data-science-and-data-analysis?pStoreID=bizclubgold/gb-en/shop/tech-takes/best-laptops-for-data-science-and-data-analysis?pStoreID=bizclubgold/gb-en/shop?pStoreID=bizclubgold/gb-en/shop?pStoreID=bizclubgold/gb-en/shop?pStoreID=bizclubgold/gb-en/shop/tech-takes/best-laptops-for-data-science-and-data-analysis?pStoreID=bizclubgold/gb-en/shop/tech-takes/best-laptops-for-data-science-and-data-analysis?pStoreID=bizclubgold/gb-en/shop?pStoreID=bizclubgold/gb-en/shop?pStoreID=bizclubgold/gb-en/shop/tech-takes/best-laptops-for-data-science-and-data-analysis?pStoreID=bizclubgold/gb-en/shop/tech-takes/best-laptops-for-data-science-and-data-analysis?pStoreID=bizclubgold/gb-en/shop?pStoreID=bizclubgold/gb-en/shop/tech-takes/best-laptops-for-data-science-and-data-analysis?pStoreID=bizclubgold/gb-en/shop/tech-takes/best-laptops-for-data-science-and-data-analysis?pStoreID=bizclubgold/gb-en/shop/tech-takes/best-laptops-for-data-science-and-data-analysis?pStoreID=bizclubgold/1000#1', 'domain': 'bbc.com', 'title': 'Home - BBC News - NewsNewsUS senator meets man mistakenly deported to El Salvador But Salvadoran President Bukele says Kilmar Ábrego García - who ...', 'source_type': 'Retrieved', 'source_bucket': 'Retrieved Sources', 'source_content_chars': 9163, 'judge_nli_label': 'neutral', 'judge_nli_score': 3.0, 'judge_nli_reasoning': 'The source content does not provide any information regarding Hamas or an Israeli ceasefire offer, so it cannot confirm or deny the claim made in the response chunk.', 'judge_entailed': False, 'bert_nli_label': '', 'bert_nli_confidence': 0.0, 'bert_nli_reasoning': '', 'bert_entailed': False}, {'url': 'https://www.bbc.com/news?pStoreID=intuit/gb-en/shop?pStoreID=intuit/gb-en/shop/offer.aspx?p=c-gaming-promotion,intuit/1000#1', 'domain': 'bbc.com', 'title': 'BBC News - Breaking news, video and the latest top stories from the U.S. and around the world - NewsNewsTrump threatens 50% tariffs on EU and 25% on iPhonesShares in the US and Europe fall after the US president says trade t...', 'source_type': 'Retrieved', 'source_bucket': 'Retrieved Sources', 'source_content_chars': 9163, 'judge_nli_label': 'neutral', 'judge_nli_score': 3.0, 'judge_nli_reasoning': 'The source content does not provide any information regarding Hamas or an Israeli ceasefire offer, so it cannot confirm or deny the claim made in the response chunk.', 'judge_entailed': False, 'bert_nli_label': '', 'bert_nli_confidence': 0.0, 'bert_nli_reasoning': '', 'bert_entailed': False}, {'url': 'https://images.thedailystar.net/news/world?page=20', 'domain': 'images.thedailystar.net', 'title': 'World | The Daily Star', 'source_type': 'Retrieved', 'source_bucket': 'Retrieved Sources', 'source_content_chars': 0, 'judge_nli_label': '', 'judge_nli_score': 0.0, 'judge_nli_reasoning': '', 'judge_entailed': False, 'bert_nli_label': '', 'bert_nli_confidence': 0.0, 'bert_nli_reasoning': '', 'bert_entailed': False}, {'url': 'https://www.postandcourier.com/nation-world/around-the-world-in-2-minutes/article_aaf11595-231f-4742-ba02-be7c92947176.html', 'domain': 'postandcourier.com', 'title': 'Around the world in 2 minutes', 'source_type': 'Retrieved', 'source_bucket': 'Retrieved Sources', 'source_content_chars': 0, 'judge_nli_label': '', 'judge_nli_score': 0.0, 'judge_nli_reasoning': '', 'judge_entailed': False, 'bert_nli_label': '', 'bert_nli_confidence': 0.0, 'bert_nli_reasoning': '', 'bert_entailed': False}, {'url': 'https://www.bbc.com/?t=16325#1', 'domain': 'bbc.com', 'title': ""BBC Home - Breaking News, World News, US News, Sports, Business, Innovation, Climate, Culture, Travel, Video & Audio - Comey indictment escalates Trump's promise of political retributionThe criminal case against Comey fulfils the president's desir..."", 'source_type': 'Retrieved', 'source_bucket': 'Retrieved Sources', 'source_content_chars': 222, 'judge_nli_label': 'neutral', 'judge_nli_score': 3.0, 'judge_nli_reasoning': 'The source content discusses films to watch and does not provide any information about Hamas or an Israeli ceasefire offer.', 'judge_entailed': False, 'bert_nli_label': '', 'bert_nli_confidence': 0.0, 'bert_nli_reasoning': '', 'bert_entailed': False}, {'url': 'https://abc7news.com/us-world/?userab=abcn_du_cat_topic_feature_holdout-474*variant_b_redesign-1939,abcn_popular_reads_exp-497*variant_a_control-2076,abcn_ad_cadence-481*control-a-1962,abcn_news_for_you_exp-496*variant_a_control-2074', 'domain': 'abc7news.com', 'title': 'U.S & World News | Breaking News & Video | ABC7 KGO-TV', 'source_type': 'Retrieved', 'source_bucket': 'Retrieved Sources', 'source_content_chars': 3428, 'judge_nli_label': 'neutral', 'judge_nli_score': 3.0, 'judge_nli_reasoning': 'The source content does not mention Hamas or any ceasefire offer, so it does not provide enough information to support or contradict the response chunk.', 'judge_entailed': False, 'bert_nli_label': '', 'bert_nli_confidence': 0.0, 'bert_nli_reasoning': '', 'bert_entailed': False}, {'url': 'https://www.wistv.com:443/news/national/#1', 'domain': 'wistv.com:443', 'title': 'National - Skip to content', 'source_type': 'Retrieved', 'source_bucket': 'Retrieved Sources', 'source_content_chars': 15609, 'judge_nli_label': 'neutral', 'judge_nli_score': 3.0, 'judge_nli_reasoning': 'The source content does not mention Hamas or any ceasefire offer, so it does not provide enough information to support or contradict the claim in the response chunk.', 'judge_entailed': False, 'bert_nli_label': '', 'bert_nli_confidence': 0.0, 'bert_nli_reasoning': '', 'bert_entailed': False}, {'url': 'https://www.thedailystar.net/news/world?archive=2013-12-17&page=2222#1', 'domain': 'thedailystar.net', 'title': 'World | The Daily Star - Russia pummels Kyiv as Zelensky heads to US', 'source_type': 'Retrieved', 'source_bucket': 'Retrieved Sources', 'source_content_chars': 218, 'judge_nli_label': 'neutral', 'judge_nli_score': 3.0, 'judge_nli_reasoning': ""The source content discusses Kofi Annan's views on global leadership and does not mention Hamas or any ceasefire offers, providing no information to support or contradict the response chunk."", 'judge_entailed': False, 'bert_nli_label': '', 'bert_nli_confidence': 0.0, 'bert_nli_reasoning': '', 'bert_entailed': False}, {'url': 'https://www.lbc.co.uk/?mi_u=9774b3a6e03343169181942884006342&mi_ecmp=evening(6pm)&utm_source=crm_LBC&utm_medium=email&utm_campaign=newsletter&utm_content=&mi_cmp=a112e7ce887fa34a~9732750~~~~~~&mi_sc=t#1', 'domain': 'lbc.co.uk', 'title': 'Latest Breaking UK and World News & Opinion | LBC - Nick Ferrari', 'source_type': 'Retrieved', 'source_bucket': 'Retrieved Sources', 'source_content_chars': 251, 'judge_nli_label': 'neutral', 'judge_nli_score': 3.0, 'judge_nli_reasoning': 'The source content discusses a car crash and does not provide any information about Hamas or an Israeli ceasefire offer.', 'judge_entailed': False, 'bert_nli_label': '', 'bert_nli_confidence': 0.0, 'bert_nli_reasoning': '', 'bert_entailed': False}, {'url': 'https://www.bbc.com/news?xtor=ES-208-[72329_NEWS_NLB_INT_WK18_THU_2_MAY.html]-20240502-[bbcnews_bbcnewsfooter_nogenre]#1', 'domain': 'bbc.com', 'title': 'BBC News - Breaking news, video and the latest top stories from the U.S. and around the world - NewsOn the Strait of Hormuz, BBC finds seized ships and shark fishermen as uneasy calm returnsThe BBC visits Bandar Abbas to see...', 'source_type': 'Retrieved', 'source_bucket': 'Retrieved Sources', 'source_content_chars': 9163, 'judge_nli_label': 'neutral', 'judge_nli_score': 3.0, 'judge_nli_reasoning': 'The source content does not provide any information regarding Hamas or an Israeli ceasefire offer, so it cannot confirm or deny the claim made in the response chunk.', 'judge_entailed': False, 'bert_nli_label': '', 'bert_nli_confidence': 0.0, 'bert_nli_reasoning': '', 'bert_entailed': False}, {'url': 'https://abcnews.go.com/?id=4318311&page=1', 'domain': 'abcnews.go.com', 'title': 'ABC News – Breaking News, Latest News and Videos', 'source_type': 'Retrieved', 'source_bucket': 'Retrieved Sources', 'source_content_chars': 11417, 'judge_nli_label': 'neutral', 'judge_nli_score': 3.0, 'judge_nli_reasoning': ""The source content does not provide any information regarding Hamas's stance on an Israeli ceasefire offer, so it cannot confirm or deny the claim made in the response chunk."", 'judge_entailed': False, 'bert_nli_label': '', 'bert_nli_confidence': 0.0, 'bert_nli_reasoning': '', 'bert_entailed': False}, {'url': 'https://www.kcrg.com/news/national/26-Victims-To-Get-597-Million-In-Penn-State-Abuse-Scandal-229578141.html#1', 'domain': 'kcrg.com', 'title': 'National News - Skip to content', 'source_type': 'Retrieved', 'source_bucket': 'Retrieved Sources', 'source_content_chars': 15453, 'judge_nli_label': 'neutral', 'judge_nli_score': 3.0, 'judge_nli_reasoning': 'The source content does not mention Hamas or any ceasefire offer, so it does not provide enough information to support or contradict the claim in the response chunk.', 'judge_entailed': False, 'bert_nli_label': '', 'bert_nli_confidence': 0.0, 'bert_nli_reasoning': '', 'bert_entailed': False}, {'url': 'https://www.yicai.com/news/102739578.html', 'domain': 'yicai.com', 'title': '泰国代理总理：需谨慎应对当前事态', 'source_type': 'Retrieved', 'source_bucket': 'Retrieved Sources', 'source_content_chars': 595, 'judge_nli_label': 'neutral', 'judge_nli_score': 3.0, 'judge_nli_reasoning': 'The source content does not mention Hamas or any ceasefire offer, so it does not provide enough information to support or contradict the claim about Hamas rejecting an Israeli ceasefire offer.', 'judge_entailed': False, 'bert_nli_label': '', 'bert_nli_confidence': 0.0, 'bert_nli_reasoning': '', 'bert_entailed': False}, {'url': 'https://www.aastocks.com/sc/mobile/news.aspx?newsid=GLH2627105L&newstype=61&newssource=GLH', 'domain': 'aastocks.com', 'title': '财经新闻 Financial News', 'source_type': 'Retrieved', 'source_bucket': 'Retrieved Sources', 'source_content_chars': 294, 'judge_nli_label': 'neutral', 'judge_nli_score': 3.0, 'judge_nli_reasoning': 'The source content does not provide any information regarding Hamas or an Israeli ceasefire offer, making it impossible to determine the relationship with the response chunk.', 'judge_entailed': False, 'bert_nli_label': '', 'bert_nli_confidence': 0.0, 'bert_nli_reasoning': '', 'bert_entailed': False}]"
0,deepseek-v4-flash,deepseek,auto,web::6a8712d5-bc24-83ed-a880-52106c9c8a40::aa46c3d4-d77f-41cd-922a-bda37bb6d346,0,6a8712d5-bc24-83ed-a880-52106c9c8a40,aa46c3d4-d77f-41cd-922a-bda37bb6d346,What are the News today?,"I'll search for today's news for you.
Based on my search of today's news, here's a summary of the top stories making headlines right now:

## 🌍 Top News Today

### US Politics & Legal
- **James Comey indicted**: The former FBI director has been indicted on two charges, which he says are politically motivated following pressure from Trump on prosecutors.
- **Trumps tariffs escalation**: President Trump has threatened 50% tariffs on the EU and 25% on iPhones, causing US and European stock markets to fall. Trade talks with the EU are reportedly ""going nowhere.""
- **TikTok deal**: Trump says a deal on TikTok's future in the US has been made, but it hasn't been confirmed by China or ByteDance.
- **Supreme Court rulings**: SCOTUS struck down restrictions on carrying guns on private property and cleared the way for Trump to revive immigration policies (ending protections for Haitians and Syrians).

### Middle East
- **Gaza conflict**: Hamas formally rejected an Israeli ceasefire offer, saying it wants a deal freeing all hostages in exchange for ending the war. Israeli forces also raided and shut down a major hospital in northern Gaza.
- **US-Iran tensions**: Trump said he's holding off on new strikes against Iran after discussions with Gulf allies, though pressure on Tehran continues.
- **Tony Blair talks**: The former UK PM is reportedly in discussions to run a transitional Gaza authority.

### Global
- **Venezuela earthquakes**: At least 164 people dead and 971 injured after twin powerful earthquakes struck the country.
- **US-China trade war**: The US laid out plans to hit Chinese ships with port fees, and China's neighbors are caught between the two superpowers.
- **Ukraine**: Russia and Ukraine took part in the biggest prisoner swap since the 2022 invasion, while Ukraine said an outline of a minerals deal with the US was signed.
- **Google monopoly**: A judge ruled Google has an illegal advertising monopoly—its second major antitrust loss.

### Business & Tech
- **Ola struggles**: India's EV pioneer faces falling sales amid rising competition and regulatory scrutiny.
- **Harvard**: A judge temporarily blocked Trump's plan to stop Harvard enrolling foreign students.

### Other Notable Stories
- **Venezuela quake survivor** pulled out alive after eight days.
- **Deportation controversy**: A US senator met a man mistakenly deported to El Salvador.
- **King Charles III** expected to reveal his personal tax bill.

---

Would you like me to dig deeper into any particular story or category (politics, business, sports, entertainment, etc.)?",11,Hamas wants a deal freeing all hostages in exchange for ending the war.,[],[],15,Parametric Knowledge,Unknown,,,,,0.0,,False,,0.0,,False,False,False,True,"[{'url': 'https://edition.cnn.com/2026/08/23/world/video/22920342-pencecanadatrade-vrtc', 'domain': 'edition.cnn.com', 'title': 'Former VP Pence says trade war with Canada is ‘last thing we need right now’ | CNN', 'source_type': 'Retrieved', 'source_bucket': 'Retrieved Sources', 'source_content_chars': 375, 'judge_nli_label': 'neutral', 'judge_nli_score': 3.0, 'judge_nli_reasoning': ""The source content discusses Iranian women's dress and protests, while the response chunk refers to Hamas and hostages, which are unrelated topics."", 'judge_entailed': False, 'bert_nli_label': '', 'bert_nli_confidence': 0.0, 'bert_nli_reasoning': '', 'bert_entailed': False}, {'url': 'https://www.bbc.com/news?pStoreID=bizclubgold/gb-en/shop/tech-takes/best-laptops-for-data-science-and-data-analysis?pStoreID=bizclubgold/gb-en/shop/tech-takes/best-laptops-for-data-science-and-data-analysis?pStoreID=bizclubgold/gb-en/shop?pStoreID=bizclubgold/gb-en/shop?pStoreID=bizclubgold/gb-en/shop?pStoreID=bizclubgold/gb-en/shop/tech-takes/best-laptops-for-data-science-and-data-analysis?pStoreID=bizclubgold/gb-en/shop/tech-takes/best-laptops-for-data-science-and-data-analysis?pStoreID=bizclubgold/gb-en/shop?pStoreID=bizclubgold/gb-en/shop?pStoreID=bizclubgold/gb-en/shop/tech-takes/best-laptops-for-data-science-and-data-analysis?pStoreID=bizclubgold/gb-en/shop/tech-takes/best-laptops-for-data-science-and-data-analysis?pStoreID=bizclubgold/gb-en/shop?pStoreID=bizclubgold/gb-en/shop/tech-takes/best-laptops-for-data-science-and-data-analysis?pStoreID=bizclubgold/gb-en/shop/tech-takes/best-laptops-for-data-science-and-data-analysis?pStoreID=bizclubgold/gb-en/shop/tech-takes/best-laptops-for-data-science-and-data-analysis?pStoreID=bizclubgold/1000#1', 'domain': 'bbc.com', 'title': 'Home - BBC News - NewsNewsUS senator meets man mistakenly deported to El Salvador But Salvadoran President Bukele says Kilmar Ábrego García - who ...', 'source_type': 'Retrieved', 'source_bucket': 'Retrieved Sources', 'source_content_chars': 9163, 'judge_nli_label': 'neutral', 'judge_nli_score': 3.0, 'judge_nli_reasoning': 'The source content does not provide any information regarding Hamas or their intentions regarding hostages or the war, making it impossible to determine the truth of the response chunk.', 'judge_entailed': False, 'bert_nli_label': '', 'bert_nli_confidence': 0.0, 'bert_nli_reasoning': '', 'bert_entailed': False}, {'url': 'https://www.bbc.com/news?pStoreID=intuit/gb-en/shop?pStoreID=intuit/gb-en/shop/offer.aspx?p=c-gaming-promotion,intuit/1000#1', 'domain': 'bbc.com', 'title': 'BBC News - Breaking news, video and the latest top stories from the U.S. and around the world - NewsNewsTrump threatens 50% tariffs on EU and 25% on iPhonesShares in the US and Europe fall after the US president says trade t...', 'source_type': 'Retrieved', 'source_bucket': 'Retrieved Sources', 'source_content_chars': 9163, 'judge_nli_label': 'neutral', 'judge_nli_score': 3.0, 'judge_nli_reasoning': 'The source content does not provide any information regarding Hamas or their intentions regarding hostages or the war, making it impossible to determine the truth of the response chunk.', 'judge_entailed': False, 'bert_nli_label': '', 'bert_nli_confidence': 0.0, 'bert_nli_reasoning': '', 'bert_entailed': False}, {'url': 'https://images.thedailystar.net/news/world?page=20', 'domain': 'images.thedailystar.net', 'title': 'World | The Daily Star', 'source_type': 'Retrieved', 'source_bucket': 'Retrieved Sources', 'source_content_chars': 0, 'judge_nli_label': '', 'judge_nli_score': 0.0, 'judge_nli_reasoning': '', 'judge_entailed': False, 'bert_nli_label': '', 'bert_nli_confidence': 0.0, 'bert_nli_reasoning': '', 'bert_entailed': False}, {'url': 'https://www.postandcourier.com/nation-world/around-the-world-in-2-minutes/article_aaf11595-231f-4742-ba02-be7c92947176.html', 'domain': 'postandcourier.com', 'title': 'Around the world in 2 minutes', 'source_type': 'Retrieved', 'source_bucket': 'Retrieved Sources', 'source_content_chars': 0, 'judge_nli_label': '', 'judge_nli_score': 0.0, 'judge_nli_reasoning': '', 'judge_entailed': False, 'bert_nli_label': '', 'bert_nli_confidence': 0.0, 'bert_nli_reasoning': '', 'bert_entailed': False}, {'url': 'https://www.bbc.com/?t=16325#1', 'domain': 'bbc.com', 'title': ""BBC Home - Breaking News, World News, US News, Sports, Business, Innovation, Climate, Culture, Travel, Video & Audio - Comey indictment escalates Trump's promise of political retributionThe criminal case against Comey fulfils the president's desir..."", 'source_type': 'Retrieved', 'source_bucket': 'Retrieved Sources', 'source_content_chars': 222, 'judge_nli_label': 'neutral', 'judge_nli_score': 3.0, 'judge_nli_reasoning': 'The source content discusses films to watch and does not provide any information about Hamas or hostages, making it impossible to determine a relationship with the response chunk.', 'judge_entailed': False, 'bert_nli_label': '', 'bert_nli_confidence': 0.0, 'bert_nli_reasoning': '', 'bert_entailed': False}, {'url': 'https://abc7news.com/us-world/?userab=abcn_du_cat_topic_feature_holdout-474*variant_b_redesign-1939,abcn_popular_reads_exp-497*variant_a_control-2076,abcn_ad_cadence-481*control-a-1962,abcn_news_for_you_exp-496*variant_a_control-2074', 'domain': 'abc7news.com', 'title': 'U.S & World News | Breaking News & Video | ABC7 KGO-TV', 'source_type': 'Retrieved', 'source_bucket': 'Retrieved Sources', 'source_content_chars': 3428, 'judge_nli_label': 'neutral', 'judge_nli_score': 3.0, 'judge_nli_reasoning': 'The source content does not provide any information regarding Hamas or their intentions regarding hostages or the war, making it impossible to determine the relationship with the response chunk.', 'judge_entailed': False, 'bert_nli_label': '', 'bert_nli_confidence': 0.0, 'bert_nli_reasoning': '', 'bert_entailed': False}, {'url': 'https://www.wistv.com:443/news/national/#1', 'domain': 'wistv.com:443', 'title': 'National - Skip to content', 'source_type': 'Retrieved', 'source_bucket': 'Retrieved Sources', 'source_content_chars': 15609, 'judge_nli_label': 'neutral', 'judge_nli_score': 3.0, 'judge_nli_reasoning': 'The source content does not provide any information regarding Hamas or their intentions regarding hostages or the war, making it impossible to determine the truth of the response chunk.', 'judge_entailed': False, 'bert_nli_label': '', 'bert_nli_confidence': 0.0, 'bert_nli_reasoning': '', 'bert_entailed': False}, {'url': 'https://www.thedailystar.net/news/world?archive=2013-12-17&page=2222#1', 'domain': 'thedailystar.net', 'title': 'World | The Daily Star - Russia pummels Kyiv as Zelensky heads to US', 'source_type': 'Retrieved', 'source_bucket': 'Retrieved Sources', 'source_content_chars': 218, 'judge_nli_label': 'neutral', 'judge_nli_score': 3.0, 'judge_nli_reasoning': ""The source content discusses Kofi Annan's views on global leadership and does not mention Hamas or any negotiations regarding hostages or war, leaving the response chunk unsupported."", 'judge_entailed': False, 'bert_nli_label': '', 'bert_nli_confidence': 0.0, 'bert_nli_reasoning': '', 'bert_entailed': False}, {'url': 'https://www.lbc.co.uk/?mi_u=9774b3a6e03343169181942884006342&mi_ecmp=evening(6pm)&utm_source=crm_LBC&utm_medium=email&utm_campaign=newsletter&utm_content=&mi_cmp=a112e7ce887fa34a~9732750~~~~~~&mi_sc=t#1', 'domain': 'lbc.co.uk', 'title': 'Latest Breaking UK and World News & Opinion | LBC - Nick Ferrari', 'source_type': 'Retrieved', 'source_bucket': 'Retrieved Sources', 'source_content_chars': 251, 'judge_nli_label': 'neutral', 'judge_nli_score': 3.0, 'judge_nli_reasoning': 'The source content discusses a tragic accident and does not provide any information about Hamas or hostage negotiations, making it impossible to determine a relationship with the response chunk.', 'judge_entailed': False, 'bert_nli_label': '', 'bert_nli_confidence': 0.0, 'bert_nli_reasoning': '', 'bert_entailed': False}, {'url': 'https://www.bbc.com/news?xtor=ES-208-[72329_NEWS_NLB_INT_WK18_THU_2_MAY.html]-20240502-[bbcnews_bbcnewsfooter_nogenre]#1', 'domain': 'bbc.com', 'title': 'BBC News - Breaking news, video and the latest top stories from the U.S. and around the world - NewsOn the Strait of Hormuz, BBC finds seized ships and shark fishermen as uneasy calm returnsThe BBC visits Bandar Abbas to see...', 'source_type': 'Retrieved', 'source_bucket': 'Retrieved Sources', 'source_content_chars': 9163, 'judge_nli_label': 'neutral', 'judge_nli_score': 3.0, 'judge_nli_reasoning': 'The source content does not provide any information regarding Hamas or their intentions regarding hostages or the war, making it impossible to determine the truth of the response chunk.', 'judge_entailed': False, 'bert_nli_label': '', 'bert_nli_confidence': 0.0, 'bert_nli_reasoning': '', 'bert_entailed': False}, {'url': 'https://abcnews.go.com/?id=4318311&page=1', 'domain': 'abcnews.go.com', 'title': 'ABC News – Breaking News, Latest News and Videos', 'source_type': 'Retrieved', 'source_bucket': 'Retrieved Sources', 'source_content_chars': 11417, 'judge_nli_label': 'neutral', 'judge_nli_score': 3.0, 'judge_nli_reasoning': 'The source content does not provide any information regarding Hamas or their intentions regarding hostages or the war, making it impossible to determine the truth of the response chunk.', 'judge_entailed': False, 'bert_nli_label': '', 'bert_nli_confidence': 0.0, 'bert_nli_reasoning': '', 'bert_entailed': False}, {'url': 'https://www.kcrg.com/news/national/26-Victims-To-Get-597-Million-In-Penn-State-Abuse-Scandal-229578141.html#1', 'domain': 'kcrg.com', 'title': 'National News - Skip to content', 'source_type': 'Retrieved', 'source_bucket': 'Retrieved Sources', 'source_content_chars': 15453, 'judge_nli_label': 'neutral', 'judge_nli_score': 3.0, 'judge_nli_reasoning': 'The source content does not provide any information regarding Hamas or any negotiations related to hostages or war, making it impossible to determine the truth of the response chunk.', 'judge_entailed': False, 'bert_nli_label': '', 'bert_nli_confidence': 0.0, 'bert_nli_reasoning': '', 'bert_entailed': False}, {'url': 'https://www.yicai.com/news/102739578.html', 'domain': 'yicai.com', 'title': '泰国代理总理：需谨慎应对当前事态', 'source_type': 'Retrieved', 'source_bucket': 'Retrieved Sources', 'source_content_chars': 595, 'judge_nli_label': 'neutral', 'judge_nli_score': 3.0, 'judge_nli_reasoning': 'The source content does not provide any information about Hamas, hostages, or a deal related to ending a war, making it impossible to determine the relationship with the response chunk.', 'judge_entailed': False, 'bert_nli_label': '', 'bert_nli_confidence': 0.0, 'bert_nli_reasoning': '', 'bert_entailed': False}, {'url': 'https://www.aastocks.com/sc/mobile/news.aspx?newsid=GLH2627105L&newstype=61&newssource=GLH', 'domain': 'aastocks.com', 'title': '财经新闻 Financial News', 'source_type': 'Retrieved', 'source_bucket': 'Retrieved Sources', 'source_content_chars': 294, 'judge_nli_label': 'neutral', 'judge_nli_score': 3.0, 'judge_nli_reasoning': 'The source content does not provide any information regarding Hamas or their intentions regarding hostages or the war, making it impossible to determine a relationship with the response chunk.', 'judge_entailed': False, 'bert_nli_label': '', 'bert_nli_confidence': 0.0, 'bert_nli_reasoning': '', 'bert_entailed': False}]"
0,deepseek-v4-flash,deepseek,auto,web::6a8712d5-bc24-83ed-a880-52106c9c8a40::aa46c3d4-d77f-41cd-922a-bda37bb6d346,0,6a8712d5-bc24-83ed-a880-52106c9c8a40,aa46c3d4-d77f-41cd-922a-bda37bb6d346,What are the News today?,"I'll search for today's news for you.
Based on my search of today's news, here's a summary of the top stories making headlines right now:

## 🌍 Top News Today

### US Politics & Legal
- **James Comey indicted**: The former FBI director has been indicted on two charges, which he says are politically motivated following pressure from Trump on prosecutors.
- **Trumps tariffs escalation**: President Trump has threatened 50% tariffs on the EU and 25% on iPhones, causing US and European stock markets to fall. Trade talks with the EU are reportedly ""going nowhere.""
- **TikTok deal**: Trump says a deal on TikTok's future in the US has been made, but it hasn't been confirmed by China or ByteDance.
- **Supreme Court rulings**: SCOTUS struck down restrictions on carrying guns on private property and cleared the way for Trump to revive immigration policies (ending protections for Haitians and Syrians).

### Middle East
- **Gaza conflict**: Hamas formally rejected an Israeli ceasefire offer, saying it wants a deal freeing all hostages in exchange for ending the war. Israeli forces also raided and shut down a major hospital in northern Gaza.
- **US-Iran tensions**: Trump said he's holding off on new strikes against Iran after discussions with Gulf allies, though pressure on Tehran continues.
- **Tony Blair talks**: The former UK PM is reportedly in discussions to run a transitional Gaza authority.

### Global
- **Venezuela earthquakes**: At least 164 people dead and 971 injured after twin powerful earthquakes struck the country.
- **US-China trade war**: The US laid out plans to hit Chinese ships with port fees, and China's neighbors are caught between the two superpowers.
- **Ukraine**: Russia and Ukraine took part in the biggest prisoner swap since the 2022 invasion, while Ukraine said an outline of a minerals deal with the US was signed.
- **Google monopoly**: A judge ruled Google has an illegal advertising monopoly—its second major antitrust loss.

### Business & Tech
- **Ola struggles**: India's EV pioneer faces falling sales amid rising competition and regulatory scrutiny.
- **Harvard**: A judge temporarily blocked Trump's plan to stop Harvard enrolling foreign students.

### Other Notable Stories
- **Venezuela quake survivor** pulled out alive after eight days.
- **Deportation controversy**: A US senator met a man mistakenly deported to El Salvador.
- **King Charles III** expected to reveal his personal tax bill.

---

Would you like me to dig deeper into any particular story or category (politics, business, sports, entertainment, etc.)?",12,Israeli forces raided and shut down a major hospital in northern Gaza.,[],[],15,Parametric Knowledge,Unknown,,,,,0.0,,False,,0.0,,False,False,False,True,"[{'url': 'https://edition.cnn.com/2026/08/23/world/video/22920342-pencecanadatrade-vrtc', 'domain': 'edition.cnn.com', 'title': 'Former VP Pence says trade war with Canada is ‘last thing we need right now’ | CNN', 'source_type': 'Retrieved', 'source_bucket': 'Retrieved Sources', 'source_content_chars': 375, 'judge_nli_label': 'neutral', 'judge_nli_score': 3.0, 'judge_nli_reasoning': ""The source content discusses Iranian women's dress and protests, which is unrelated to the claim about Israeli forces raiding a hospital in Gaza."", 'judge_entailed': False, 'bert_nli_label': '', 'bert_nli_confidence': 0.0, 'bert_nli_reasoning': '', 'bert_entailed': False}, {'url': 'https://www.bbc.com/news?pStoreID=bizclubgold/gb-en/shop/tech-takes/best-laptops-for-data-science-and-data-analysis?pStoreID=bizclubgold/gb-en/shop/tech-takes/best-laptops-for-data-science-and-data-analysis?pStoreID=bizclubgold/gb-en/shop?pStoreID=bizclubgold/gb-en/shop?pStoreID=bizclubgold/gb-en/shop?pStoreID=bizclubgold/gb-en/shop/tech-takes/best-laptops-for-data-science-and-data-analysis?pStoreID=bizclubgold/gb-en/shop/tech-takes/best-laptops-for-data-science-and-data-analysis?pStoreID=bizclubgold/gb-en/shop?pStoreID=bizclubgold/gb-en/shop?pStoreID=bizclubgold/gb-en/shop/tech-takes/best-laptops-for-data-science-and-data-analysis?pStoreID=bizclubgold/gb-en/shop/tech-takes/best-laptops-for-data-science-and-data-analysis?pStoreID=bizclubgold/gb-en/shop?pStoreID=bizclubgold/gb-en/shop/tech-takes/best-laptops-for-data-science-and-data-analysis?pStoreID=bizclubgold/gb-en/shop/tech-takes/best-laptops-for-data-science-and-data-analysis?pStoreID=bizclubgold/gb-en/shop/tech-takes/best-laptops-for-data-science-and-data-analysis?pStoreID=bizclubgold/1000#1', 'domain': 'bbc.com', 'title': 'Home - BBC News - NewsNewsUS senator meets man mistakenly deported to El Salvador But Salvadoran President Bukele says Kilmar Ábrego García - who ...', 'source_type': 'Retrieved', 'source_bucket': 'Retrieved Sources', 'source_content_chars': 9163, 'judge_nli_label': 'neutral', 'judge_nli_score': 3.0, 'judge_nli_reasoning': 'The source content does not provide any information regarding Israeli forces raiding or shutting down a hospital in northern Gaza, so it cannot confirm or deny the claim made in the response chunk.', 'judge_entailed': False, 'bert_nli_label': '', 'bert_nli_confidence': 0.0, 'bert_nli_reasoning': '', 'bert_entailed': False}, {'url': 'https://www.bbc.com/news?pStoreID=intuit/gb-en/shop?pStoreID=intuit/gb-en/shop/offer.aspx?p=c-gaming-promotion,intuit/1000#1', 'domain': 'bbc.com', 'title': 'BBC News - Breaking news, video and the latest top stories from the U.S. and around the world - NewsNewsTrump threatens 50% tariffs on EU and 25% on iPhonesShares in the US and Europe fall after the US president says trade t...', 'source_type': 'Retrieved', 'source_bucket': 'Retrieved Sources', 'source_content_chars': 9163, 'judge_nli_label': 'neutral', 'judge_nli_score': 3.0, 'judge_nli_reasoning': 'The source content does not provide any information regarding Israeli forces raiding or shutting down a hospital in northern Gaza, so it cannot support or contradict the response chunk.', 'judge_entailed': False, 'bert_nli_label': '', 'bert_nli_confidence': 0.0, 'bert_nli_reasoning': '', 'bert_entailed': False}, {'url': 'https://images.thedailystar.net/news/world?page=20', 'domain': 'images.thedailystar.net', 'title': 'World | The Daily Star', 'source_type': 'Retrieved', 'source_bucket': 'Retrieved Sources', 'source_content_chars': 0, 'judge_nli_label': '', 'judge_nli_score': 0.0, 'judge_nli_reasoning': '', 'judge_entailed': False, 'bert_nli_label': '', 'bert_nli_confidence': 0.0, 'bert_nli_reasoning': '', 'bert_entailed': False}, {'url': 'https://www.postandcourier.com/nation-world/around-the-world-in-2-minutes/article_aaf11595-231f-4742-ba02-be7c92947176.html', 'domain': 'postandcourier.com', 'title': 'Around the world in 2 minutes', 'source_type': 'Retrieved', 'source_bucket': 'Retrieved Sources', 'source_content_chars': 0, 'judge_nli_label': '', 'judge_nli_score': 0.0, 'judge_nli_reasoning': '', 'judge_entailed': False, 'bert_nli_label': '', 'bert_nli_confidence': 0.0, 'bert_nli_reasoning': '', 'bert_entailed': False}, {'url': 'https://www.bbc.com/?t=16325#1', 'domain': 'bbc.com', 'title': ""BBC Home - Breaking News, World News, US News, Sports, Business, Innovation, Climate, Culture, Travel, Video & Audio - Comey indictment escalates Trump's promise of political retributionThe criminal case against Comey fulfils the president's desir..."", 'source_type': 'Retrieved', 'source_bucket': 'Retrieved Sources', 'source_content_chars': 222, 'judge_nli_label': 'neutral', 'judge_nli_score': 3.0, 'judge_nli_reasoning': 'The source content discusses films to watch and does not provide any information about Israeli forces or events in Gaza, making it impossible to determine a relationship with the response chunk.', 'judge_entailed': False, 'bert_nli_label': '', 'bert_nli_confidence': 0.0, 'bert_nli_reasoning': '', 'bert_entailed': False}, {'url': 'https://abc7news.com/us-world/?userab=abcn_du_cat_topic_feature_holdout-474*variant_b_redesign-1939,abcn_popular_reads_exp-497*variant_a_control-2076,abcn_ad_cadence-481*control-a-1962,abcn_news_for_you_exp-496*variant_a_control-2074', 'domain': 'abc7news.com', 'title': 'U.S & World News | Breaking News & Video | ABC7 KGO-TV', 'source_type': 'Retrieved', 'source_bucket': 'Retrieved Sources', 'source_content_chars': 3428, 'judge_nli_label': 'neutral', 'judge_nli_score': 3.0, 'judge_nli_reasoning': 'The source content does not mention anything about Israeli forces or a hospital in northern Gaza, so it does not provide enough information to support or contradict the response chunk.', 'judge_entailed': False, 'bert_nli_label': '', 'bert_nli_confidence': 0.0, 'bert_nli_reasoning': '', 'bert_entailed': False}, {'url': 'https://www.wistv.com:443/news/national/#1', 'domain': 'wistv.com:443', 'title': 'National - Skip to content', 'source_type': 'Retrieved', 'source_bucket': 'Retrieved Sources', 'source_content_chars': 15609, 'judge_nli_label': 'neutral', 'judge_nli_score': 3.0, 'judge_nli_reasoning': 'The source content does not mention anything about Israeli forces raiding or shutting down a hospital in northern Gaza, so there is not enough information to support or contradict the response chunk.', 'judge_entailed': False, 'bert_nli_label': '', 'bert_nli_confidence': 0.0, 'bert_nli_reasoning': '', 'bert_entailed': False}, {'url': 'https://www.thedailystar.net/news/world?archive=2013-12-17&page=2222#1', 'domain': 'thedailystar.net', 'title': 'World | The Daily Star - Russia pummels Kyiv as Zelensky heads to US', 'source_type': 'Retrieved', 'source_bucket': 'Retrieved Sources', 'source_content_chars': 218, 'judge_nli_label': 'neutral', 'judge_nli_score': 3.0, 'judge_nli_reasoning': ""The source content discusses Kofi Annan's views on global leadership and does not mention Israeli forces or any actions in Gaza, leaving the response chunk unsupported."", 'judge_entailed': False, 'bert_nli_label': '', 'bert_nli_confidence': 0.0, 'bert_nli_reasoning': '', 'bert_entailed': False}, {'url': 'https://www.lbc.co.uk/?mi_u=9774b3a6e03343169181942884006342&mi_ecmp=evening(6pm)&utm_source=crm_LBC&utm_medium=email&utm_campaign=newsletter&utm_content=&mi_cmp=a112e7ce887fa34a~9732750~~~~~~&mi_sc=t#1', 'domain': 'lbc.co.uk', 'title': 'Latest Breaking UK and World News & Opinion | LBC - Nick Ferrari', 'source_type': 'Retrieved', 'source_bucket': 'Retrieved Sources', 'source_content_chars': 251, 'judge_nli_label': 'neutral', 'judge_nli_score': 3.0, 'judge_nli_reasoning': 'The source content discusses a car crash and the deaths of individuals, which does not provide any information about Israeli forces or a hospital in Gaza.', 'judge_entailed': False, 'bert_nli_label': '', 'bert_nli_confidence': 0.0, 'bert_nli_reasoning': '', 'bert_entailed': False}, {'url': 'https://www.bbc.com/news?xtor=ES-208-[72329_NEWS_NLB_INT_WK18_THU_2_MAY.html]-20240502-[bbcnews_bbcnewsfooter_nogenre]#1', 'domain': 'bbc.com', 'title': 'BBC News - Breaking news, video and the latest top stories from the U.S. and around the world - NewsOn the Strait of Hormuz, BBC finds seized ships and shark fishermen as uneasy calm returnsThe BBC visits Bandar Abbas to see...', 'source_type': 'Retrieved', 'source_bucket': 'Retrieved Sources', 'source_content_chars': 9163, 'judge_nli_label': 'neutral', 'judge_nli_score': 3.0, 'judge_nli_reasoning': 'The source content does not provide any information regarding Israeli forces raiding or shutting down a hospital in northern Gaza, so it cannot confirm or deny the claim made in the response chunk.', 'judge_entailed': False, 'bert_nli_label': '', 'bert_nli_confidence': 0.0, 'bert_nli_reasoning': '', 'bert_entailed': False}, {'url': 'https://abcnews.go.com/?id=4318311&page=1', 'domain': 'abcnews.go.com', 'title': 'ABC News – Breaking News, Latest News and Videos', 'source_type': 'Retrieved', 'source_bucket': 'Retrieved Sources', 'source_content_chars': 11417, 'judge_nli_label': 'neutral', 'judge_nli_score': 3.0, 'judge_nli_reasoning': 'The source content does not provide any information regarding Israeli forces raiding or shutting down a hospital in northern Gaza, so it cannot support or contradict the response chunk.', 'judge_entailed': False, 'bert_nli_label': '', 'bert_nli_confidence': 0.0, 'bert_nli_reasoning': '', 'bert_entailed': False}, {'url': 'https://www.kcrg.com/news/national/26-Victims-To-Get-597-Million-In-Penn-State-Abuse-Scandal-229578141.html#1', 'domain': 'kcrg.com', 'title': 'National News - Skip to content', 'source_type': 'Retrieved', 'source_bucket': 'Retrieved Sources', 'source_content_chars': 15453, 'judge_nli_label': 'neutral', 'judge_nli_score': 3.0, 'judge_nli_reasoning': 'The source content does not mention anything about Israeli forces or a hospital in northern Gaza, so it does not provide enough information to support or contradict the claim in the response chunk.', 'judge_entailed': False, 'bert_nli_label': '', 'bert_nli_confidence': 0.0, 'bert_nli_reasoning': '', 'bert_entailed': False}, {'url': 'https://www.yicai.com/news/102739578.html', 'domain': 'yicai.com', 'title': '泰国代理总理：需谨慎应对当前事态', 'source_type': 'Retrieved', 'source_bucket': 'Retrieved Sources', 'source_content_chars': 595, 'judge_nli_label': 'neutral', 'judge_nli_score': 3.0, 'judge_nli_reasoning': 'The source content discusses a statement from the Thai acting Prime Minister regarding the need for caution in response to current events, but it does not mention anything about Israeli forces or a hospital in Gaza.', 'judge_entailed': False, 'bert_nli_label': '', 'bert_nli_confidence': 0.0, 'bert_nli_reasoning': '', 'bert_entailed': False}, {'url': 'https://www.aastocks.com/sc/mobile/news.aspx?newsid=GLH2627105L&newstype=61&newssource=GLH', 'domain': 'aastocks.com', 'title': '财经新闻 Financial News', 'source_type': 'Retrieved', 'source_bucket': 'Retrieved Sources', 'source_content_chars': 294, 'judge_nli_label': 'neutral', 'judge_nli_score': 3.0, 'judge_nli_reasoning': 'The source content does not provide any information regarding Israeli forces raiding or shutting down a hospital in northern Gaza, making it impossible to determine the truth of the response chunk.', 'judge_entailed': False, 'bert_nli_label': '', 'bert_nli_confidence': 0.0, 'bert_nli_reasoning': '', 'bert_entailed': False}]"
0,deepseek-v4-flash,deepseek,auto,web::6a8712d5-bc24-83ed-a880-52106c9c8a40::aa46c3d4-d77f-41cd-922a-bda37bb6d346,0,6a8712d5-bc24-83ed-a880-52106c9c8a40,aa46c3d4-d77f-41cd-922a-bda37bb6d346,What are the News today?,"I'll search for today's news for you.
Based on my search of today's news, here's a summary of the top stories making headlines right now:

## 🌍 Top News Today

### US Politics & Legal
- **James Comey indicted**: The former FBI director has been indicted on two charges, which he says are politically motivated following pressure from Trump on prosecutors.
- **Trumps tariffs escalation**: President Trump has threatened 50% tariffs on the EU and 25% on iPhones, causing US and European stock markets to fall. Trade talks with the EU are reportedly ""going nowhere.""
- **TikTok deal**: Trump says a deal on TikTok's future in the US has been made, but it hasn't been confirmed by China or ByteDance.
- **Supreme Court rulings**: SCOTUS struck down restrictions on carrying guns on private property and cleared the way for Trump to revive immigration policies (ending protections for Haitians and Syrians).

### Middle East
- **Gaza conflict**: Hamas formally rejected an Israeli ceasefire offer, saying it wants a deal freeing all hostages in exchange for ending the war. Israeli forces also raided and shut down a major hospital in northern Gaza.
- **US-Iran tensions**: Trump said he's holding off on new strikes against Iran after discussions with Gulf allies, though pressure on Tehran continues.
- **Tony Blair talks**: The former UK PM is reportedly in discussions to run a transitional Gaza authority.

### Global
- **Venezuela earthquakes**: At least 164 people dead and 971 injured after twin powerful earthquakes struck the country.
- **US-China trade war**: The US laid out plans to hit Chinese ships with port fees, and China's neighbors are caught between the two superpowers.
- **Ukraine**: Russia and Ukraine took part in the biggest prisoner swap since the 2022 invasion, while Ukraine said an outline of a minerals deal with the US was signed.
- **Google monopoly**: A judge ruled Google has an illegal advertising monopoly—its second major antitrust loss.

### Business & Tech
- **Ola struggles**: India's EV pioneer faces falling sales amid rising competition and regulatory scrutiny.
- **Harvard**: A judge temporarily blocked Trump's plan to stop Harvard enrolling foreign students.

### Other Notable Stories
- **Venezuela quake survivor** pulled out alive after eight days.
- **Deportation controversy**: A US senator met a man mistakenly deported to El Salvador.
- **King Charles III** expected to reveal his personal tax bill.

---

Would you like me to dig deeper into any particular story or category (politics, business, sports, entertainment, etc.)?",13,Trump is holding off on new strikes against Iran after discussions with Gulf allies.,[],[],15,Parametric Knowledge,Unknown,,,,,0.0,,False,,0.0,,False,False,False,True,"[{'url': 'https://edition.cnn.com/2026/08/23/world/video/22920342-pencecanadatrade-vrtc', 'domain': 'edition.cnn.com', 'title': 'Former VP Pence says trade war with Canada is ‘last thing we need right now’ | CNN', 'source_type': 'Retrieved', 'source_bucket': 'Retrieved Sources', 'source_content_chars': 375, 'judge_nli_label': 'neutral', 'judge_nli_score': 3.0, 'judge_nli_reasoning': ""The source content discusses the situation of Iranian women and the US-Iran war but does not provide information about Trump's actions regarding strikes against Iran or discussions with Gulf allies."", 'judge_entailed': False, 'bert_nli_label': '', 'bert_nli_confidence': 0.0, 'bert_nli_reasoning': '', 'bert_entailed': False}, {'url': 'https://www.bbc.com/news?pStoreID=bizclubgold/gb-en/shop/tech-takes/best-laptops-for-data-science-and-data-analysis?pStoreID=bizclubgold/gb-en/shop/tech-takes/best-laptops-for-data-science-and-data-analysis?pStoreID=bizclubgold/gb-en/shop?pStoreID=bizclubgold/gb-en/shop?pStoreID=bizclubgold/gb-en/shop?pStoreID=bizclubgold/gb-en/shop/tech-takes/best-laptops-for-data-science-and-data-analysis?pStoreID=bizclubgold/gb-en/shop/tech-takes/best-laptops-for-data-science-and-data-analysis?pStoreID=bizclubgold/gb-en/shop?pStoreID=bizclubgold/gb-en/shop?pStoreID=bizclubgold/gb-en/shop/tech-takes/best-laptops-for-data-science-and-data-analysis?pStoreID=bizclubgold/gb-en/shop/tech-takes/best-laptops-for-data-science-and-data-analysis?pStoreID=bizclubgold/gb-en/shop?pStoreID=bizclubgold/gb-en/shop/tech-takes/best-laptops-for-data-science-and-data-analysis?pStoreID=bizclubgold/gb-en/shop/tech-takes/best-laptops-for-data-science-and-data-analysis?pStoreID=bizclubgold/gb-en/shop/tech-takes/best-laptops-for-data-science-and-data-analysis?pStoreID=bizclubgold/1000#1', 'domain': 'bbc.com', 'title': 'Home - BBC News - NewsNewsUS senator meets man mistakenly deported to El Salvador But Salvadoran President Bukele says Kilmar Ábrego García - who ...', 'source_type': 'Retrieved', 'source_bucket': 'Retrieved Sources', 'source_content_chars': 9163, 'judge_nli_label': 'neutral', 'judge_nli_score': 3.0, 'judge_nli_reasoning': ""The source content does not provide any information regarding Trump's discussions with Gulf allies or his military actions towards Iran, so it cannot confirm or deny the claim in the response chunk."", 'judge_entailed': False, 'bert_nli_label': '', 'bert_nli_confidence': 0.0, 'bert_nli_reasoning': '', 'bert_entailed': False}, {'url': 'https://www.bbc.com/news?pStoreID=intuit/gb-en/shop?pStoreID=intuit/gb-en/shop/offer.aspx?p=c-gaming-promotion,intuit/1000#1', 'domain': 'bbc.com', 'title': 'BBC News - Breaking news, video and the latest top stories from the U.S. and around the world - NewsNewsTrump threatens 50% tariffs on EU and 25% on iPhonesShares in the US and Europe fall after the US president says trade t...', 'source_type': 'Retrieved', 'source_bucket': 'Retrieved Sources', 'source_content_chars': 9163, 'judge_nli_label': 'neutral', 'judge_nli_score': 3.0, 'judge_nli_reasoning': ""The source content does not provide any information regarding Trump's discussions with Gulf allies or his military actions towards Iran, making it impossible to determine the accuracy of the response chunk."", 'judge_entailed': False, 'bert_nli_label': '', 'bert_nli_confidence': 0.0, 'bert_nli_reasoning': '', 'bert_entailed': False}, {'url': 'https://images.thedailystar.net/news/world?page=20', 'domain': 'images.thedailystar.net', 'title': 'World | The Daily Star', 'source_type': 'Retrieved', 'source_bucket': 'Retrieved Sources', 'source_content_chars': 0, 'judge_nli_label': '', 'judge_nli_score': 0.0, 'judge_nli_reasoning': '', 'judge_entailed': False, 'bert_nli_label': '', 'bert_nli_confidence': 0.0, 'bert_nli_reasoning': '', 'bert_entailed': False}, {'url': 'https://www.postandcourier.com/nation-world/around-the-world-in-2-minutes/article_aaf11595-231f-4742-ba02-be7c92947176.html', 'domain': 'postandcourier.com', 'title': 'Around the world in 2 minutes', 'source_type': 'Retrieved', 'source_bucket': 'Retrieved Sources', 'source_content_chars': 0, 'judge_nli_label': '', 'judge_nli_score': 0.0, 'judge_nli_reasoning': '', 'judge_entailed': False, 'bert_nli_label': '', 'bert_nli_confidence': 0.0, 'bert_nli_reasoning': '', 'bert_entailed': False}, {'url': 'https://www.bbc.com/?t=16325#1', 'domain': 'bbc.com', 'title': ""BBC Home - Breaking News, World News, US News, Sports, Business, Innovation, Climate, Culture, Travel, Video & Audio - Comey indictment escalates Trump's promise of political retributionThe criminal case against Comey fulfils the president's desir..."", 'source_type': 'Retrieved', 'source_bucket': 'Retrieved Sources', 'source_content_chars': 222, 'judge_nli_label': 'neutral', 'judge_nli_score': 3.0, 'judge_nli_reasoning': 'The source content discusses films to watch and does not provide any information about Trump or discussions regarding Iran, making it impossible to determine a relationship with the response chunk.', 'judge_entailed': False, 'bert_nli_label': '', 'bert_nli_confidence': 0.0, 'bert_nli_reasoning': '', 'bert_entailed': False}, {'url': 'https://abc7news.com/us-world/?userab=abcn_du_cat_topic_feature_holdout-474*variant_b_redesign-1939,abcn_popular_reads_exp-497*variant_a_control-2076,abcn_ad_cadence-481*control-a-1962,abcn_news_for_you_exp-496*variant_a_control-2074', 'domain': 'abc7news.com', 'title': 'U.S & World News | Breaking News & Video | ABC7 KGO-TV', 'source_type': 'Retrieved', 'source_bucket': 'Retrieved Sources', 'source_content_chars': 3428, 'judge_nli_label': 'neutral', 'judge_nli_score': 3.0, 'judge_nli_reasoning': ""The source content does not provide any information regarding Trump's discussions with Gulf allies or his military actions against Iran, making it impossible to determine the truth of the response chunk."", 'judge_entailed': False, 'bert_nli_label': '', 'bert_nli_confidence': 0.0, 'bert_nli_reasoning': '', 'bert_entailed': False}, {'url': 'https://www.wistv.com:443/news/national/#1', 'domain': 'wistv.com:443', 'title': 'National - Skip to content', 'source_type': 'Retrieved', 'source_bucket': 'Retrieved Sources', 'source_content_chars': 15609, 'judge_nli_label': 'neutral', 'judge_nli_score': 3.0, 'judge_nli_reasoning': ""The source content does not provide any information regarding Trump's discussions with Gulf allies or his military actions towards Iran, making it impossible to determine the accuracy of the response chunk."", 'judge_entailed': False, 'bert_nli_label': '', 'bert_nli_confidence': 0.0, 'bert_nli_reasoning': '', 'bert_entailed': False}, {'url': 'https://www.thedailystar.net/news/world?archive=2013-12-17&page=2222#1', 'domain': 'thedailystar.net', 'title': 'World | The Daily Star - Russia pummels Kyiv as Zelensky heads to US', 'source_type': 'Retrieved', 'source_bucket': 'Retrieved Sources', 'source_content_chars': 218, 'judge_nli_label': 'neutral', 'judge_nli_score': 3.0, 'judge_nli_reasoning': ""The source content discusses Kofi Annan's views on global leadership and does not provide any information about Trump or his actions regarding Iran, making it impossible to determine a relationship."", 'judge_entailed': False, 'bert_nli_label': '', 'bert_nli_confidence': 0.0, 'bert_nli_reasoning': '', 'bert_entailed': False}, {'url': 'https://www.lbc.co.uk/?mi_u=9774b3a6e03343169181942884006342&mi_ecmp=evening(6pm)&utm_source=crm_LBC&utm_medium=email&utm_campaign=newsletter&utm_content=&mi_cmp=a112e7ce887fa34a~9732750~~~~~~&mi_sc=t#1', 'domain': 'lbc.co.uk', 'title': 'Latest Breaking UK and World News & Opinion | LBC - Nick Ferrari', 'source_type': 'Retrieved', 'source_bucket': 'Retrieved Sources', 'source_content_chars': 251, 'judge_nli_label': 'neutral', 'judge_nli_score': 3.0, 'judge_nli_reasoning': 'The source content discusses a tragic accident involving fatalities and does not provide any information about Trump or discussions regarding Iran, making it impossible to determine a relationship with the response chunk.', 'judge_entailed': False, 'bert_nli_label': '', 'bert_nli_confidence': 0.0, 'bert_nli_reasoning': '', 'bert_entailed': False}, {'url': 'https://www.bbc.com/news?xtor=ES-208-[72329_NEWS_NLB_INT_WK18_THU_2_MAY.html]-20240502-[bbcnews_bbcnewsfooter_nogenre]#1', 'domain': 'bbc.com', 'title': 'BBC News - Breaking news, video and the latest top stories from the U.S. and around the world - NewsOn the Strait of Hormuz, BBC finds seized ships and shark fishermen as uneasy calm returnsThe BBC visits Bandar Abbas to see...', 'source_type': 'Retrieved', 'source_bucket': 'Retrieved Sources', 'source_content_chars': 9163, 'judge_nli_label': 'neutral', 'judge_nli_score': 3.0, 'judge_nli_reasoning': ""The source content does not provide any information regarding Trump's discussions with Gulf allies or his military actions towards Iran, making it impossible to determine the accuracy of the response chunk."", 'judge_entailed': False, 'bert_nli_label': '', 'bert_nli_confidence': 0.0, 'bert_nli_reasoning': '', 'bert_entailed': False}, {'url': 'https://abcnews.go.com/?id=4318311&page=1', 'domain': 'abcnews.go.com', 'title': 'ABC News – Breaking News, Latest News and Videos', 'source_type': 'Retrieved', 'source_bucket': 'Retrieved Sources', 'source_content_chars': 11417, 'judge_nli_label': 'neutral', 'judge_nli_score': 3.0, 'judge_nli_reasoning': ""The source content does not provide any information regarding Trump's discussions with Gulf allies or his decision to hold off on new strikes against Iran, making it impossible to determine the accuracy of the response chunk."", 'judge_entailed': False, 'bert_nli_label': '', 'bert_nli_confidence': 0.0, 'bert_nli_reasoning': '', 'bert_entailed': False}, {'url': 'https://www.kcrg.com/news/national/26-Victims-To-Get-597-Million-In-Penn-State-Abuse-Scandal-229578141.html#1', 'domain': 'kcrg.com', 'title': 'National News - Skip to content', 'source_type': 'Retrieved', 'source_bucket': 'Retrieved Sources', 'source_content_chars': 15453, 'judge_nli_label': 'neutral', 'judge_nli_score': 3.0, 'judge_nli_reasoning': ""The source content does not provide any information regarding Trump's discussions with Gulf allies or his military actions towards Iran, making it impossible to determine the accuracy of the response chunk."", 'judge_entailed': False, 'bert_nli_label': '', 'bert_nli_confidence': 0.0, 'bert_nli_reasoning': '', 'bert_entailed': False}, {'url': 'https://www.yicai.com/news/102739578.html', 'domain': 'yicai.com', 'title': '泰国代理总理：需谨慎应对当前事态', 'source_type': 'Retrieved', 'source_bucket': 'Retrieved Sources', 'source_content_chars': 595, 'judge_nli_label': 'neutral', 'judge_nli_score': 3.0, 'judge_nli_reasoning': 'The source content discusses a statement from the Thai acting prime minister about being cautious in response to current events, but it does not mention anything about Trump or strikes against Iran, leaving the relationship between the response chunk and the source content unclear.', 'judge_entailed': False, 'bert_nli_label': '', 'bert_nli_confidence': 0.0, 'bert_nli_reasoning': '', 'bert_entailed': False}, {'url': 'https://www.aastocks.com/sc/mobile/news.aspx?newsid=GLH2627105L&newstype=61&newssource=GLH', 'domain': 'aastocks.com', 'title': '财经新闻 Financial News', 'source_type': 'Retrieved', 'source_bucket': 'Retrieved Sources', 'source_content_chars': 294, 'judge_nli_label': 'neutral', 'judge_nli_score': 3.0, 'judge_nli_reasoning': ""The source content does not provide any information regarding Trump's actions or discussions with Gulf allies, making it impossible to determine the truth of the response chunk."", 'judge_entailed': False, 'bert_nli_label': '', 'bert_nli_confidence': 0.0, 'bert_nli_reasoning': '', 'bert_entailed': False}]"
0,deepseek-v4-flash,deepseek,auto,web::6a8712d5-bc24-83ed-a880-52106c9c8a40::aa46c3d4-d77f-41cd-922a-bda37bb6d346,0,6a8712d5-bc24-83ed-a880-52106c9c8a40,aa46c3d4-d77f-41cd-922a-bda37bb6d346,What are the News today?,"I'll search for today's news for you.
Based on my search of today's news, here's a summary of the top stories making headlines right now:

## 🌍 Top News Today

### US Politics & Legal
- **James Comey indicted**: The former FBI director has been indicted on two charges, which he says are politically motivated following pressure from Trump on prosecutors.
- **Trumps tariffs escalation**: President Trump has threatened 50% tariffs on the EU and 25% on iPhones, causing US and European stock markets to fall. Trade talks with the EU are reportedly ""going nowhere.""
- **TikTok deal**: Trump says a deal on TikTok's future in the US has been made, but it hasn't been confirmed by China or ByteDance.
- **Supreme Court rulings**: SCOTUS struck down restrictions on carrying guns on private property and cleared the way for Trump to revive immigration policies (ending protections for Haitians and Syrians).

### Middle East
- **Gaza conflict**: Hamas formally rejected an Israeli ceasefire offer, saying it wants a deal freeing all hostages in exchange for ending the war. Israeli forces also raided and shut down a major hospital in northern Gaza.
- **US-Iran tensions**: Trump said he's holding off on new strikes against Iran after discussions with Gulf allies, though pressure on Tehran continues.
- **Tony Blair talks**: The former UK PM is reportedly in discussions to run a transitional Gaza authority.

### Global
- **Venezuela earthquakes**: At least 164 people dead and 971 injured after twin powerful earthquakes struck the country.
- **US-China trade war**: The US laid out plans to hit Chinese ships with port fees, and China's neighbors are caught between the two superpowers.
- **Ukraine**: Russia and Ukraine took part in the biggest prisoner swap since the 2022 invasion, while Ukraine said an outline of a minerals deal with the US was signed.
- **Google monopoly**: A judge ruled Google has an illegal advertising monopoly—its second major antitrust loss.

### Business & Tech
- **Ola struggles**: India's EV pioneer faces falling sales amid rising competition and regulatory scrutiny.
- **Harvard**: A judge temporarily blocked Trump's plan to stop Harvard enrolling foreign students.

### Other Notable Stories
- **Venezuela quake survivor** pulled out alive after eight days.
- **Deportation controversy**: A US senator met a man mistakenly deported to El Salvador.
- **King Charles III** expected to reveal his personal tax bill.

---

Would you like me to dig deeper into any particular story or category (politics, business, sports, entertainment, etc.)?",14,Pressure on Tehran continues.,[],[],1,Retrieved Sources,Retrieved,https://edition.cnn.com/2026/08/23/world/video/22920342-pencecanadatrade-vrtc,edition.cnn.com,Former VP Pence says trade war with Canada is ‘last thing we need right now’ | CNN,entailment,5.0,"The source content discusses ongoing issues related to women's rights and dress codes in Iran, indicating that there is continued pressure on Tehran regarding these matters.",True,,0.0,,False,True,True,False,"[{'url': 'https://edition.cnn.com/2026/08/23/world/video/22920342-pencecanadatrade-vrtc', 'domain': 'edition.cnn.com', 'title': 'Former VP Pence says trade war with Canada is ‘last thing we need right now’ | CNN', 'source_type': 'Retrieved', 'source_bucket': 'Retrieved Sources', 'source_content_chars': 375, 'judge_nli_label': 'entailment', 'judge_nli_score': 5.0, 'judge_nli_reasoning': ""The source content discusses ongoing issues related to women's rights and dress codes in Iran, indicating that there is continued pressure on Tehran regarding these matters."", 'judge_entailed': True, 'bert_nli_label': '', 'bert_nli_confidence': 0.0, 'bert_nli_reasoning': '', 'bert_entailed': False}]"
0,deepseek-v4-flash,deepseek,auto,web::6a8712d5-bc24-83ed-a880-52106c9c8a40::aa46c3d4-d77f-41cd-922a-bda37bb6d346,0,6a8712d5-bc24-83ed-a880-52106c9c8a40,aa46c3d4-d77f-41cd-922a-bda37bb6d346,What are the News today?,"I'll search for today's news for you.
Based on my search of today's news, here's a summary of the top stories making headlines right now:

## 🌍 Top News Today

### US Politics & Legal
- **James Comey indicted**: The former FBI director has been indicted on two charges, which he says are politically motivated following pressure from Trump on prosecutors.
- **Trumps tariffs escalation**: President Trump has threatened 50% tariffs on the EU and 25% on iPhones, causing US and European stock markets to fall. Trade talks with the EU are reportedly ""going nowhere.""
- **TikTok deal**: Trump says a deal on TikTok's future in the US has been made, but it hasn't been confirmed by China or ByteDance.
- **Supreme Court rulings**: SCOTUS struck down restrictions on carrying guns on private property and cleared the way for Trump to revive immigration policies (ending protections for Haitians and Syrians).

### Middle East
- **Gaza conflict**: Hamas formally rejected an Israeli ceasefire offer, saying it wants a deal freeing all hostages in exchange for ending the war. Israeli forces also raided and shut down a major hospital in northern Gaza.
- **US-Iran tensions**: Trump said he's holding off on new strikes against Iran after discussions with Gulf allies, though pressure on Tehran continues.
- **Tony Blair talks**: The former UK PM is reportedly in discussions to run a transitional Gaza authority.

### Global
- **Venezuela earthquakes**: At least 164 people dead and 971 injured after twin powerful earthquakes struck the country.
- **US-China trade war**: The US laid out plans to hit Chinese ships with port fees, and China's neighbors are caught between the two superpowers.
- **Ukraine**: Russia and Ukraine took part in the biggest prisoner swap since the 2022 invasion, while Ukraine said an outline of a minerals deal with the US was signed.
- **Google monopoly**: A judge ruled Google has an illegal advertising monopoly—its second major antitrust loss.

### Business & Tech
- **Ola struggles**: India's EV pioneer faces falling sales amid rising competition and regulatory scrutiny.
- **Harvard**: A judge temporarily blocked Trump's plan to stop Harvard enrolling foreign students.

### Other Notable Stories
- **Venezuela quake survivor** pulled out alive after eight days.
- **Deportation controversy**: A US senator met a man mistakenly deported to El Salvador.
- **King Charles III** expected to reveal his personal tax bill.

---

Would you like me to dig deeper into any particular story or category (politics, business, sports, entertainment, etc.)?",15,Tony Blair is reportedly in discussions to run a transitional Gaza authority.,[],[],15,Parametric Knowledge,Unknown,,,,,0.0,,False,,0.0,,False,False,False,True,"[{'url': 'https://edition.cnn.com/2026/08/23/world/video/22920342-pencecanadatrade-vrtc', 'domain': 'edition.cnn.com', 'title': 'Former VP Pence says trade war with Canada is ‘last thing we need right now’ | CNN', 'source_type': 'Retrieved', 'source_bucket': 'Retrieved Sources', 'source_content_chars': 375, 'judge_nli_label': 'neutral', 'judge_nli_score': 3.0, 'judge_nli_reasoning': ""The source content discusses Iranian women's dress and protests, which is unrelated to Tony Blair's discussions about a transitional Gaza authority."", 'judge_entailed': False, 'bert_nli_label': '', 'bert_nli_confidence': 0.0, 'bert_nli_reasoning': '', 'bert_entailed': False}, {'url': 'https://www.bbc.com/news?pStoreID=bizclubgold/gb-en/shop/tech-takes/best-laptops-for-data-science-and-data-analysis?pStoreID=bizclubgold/gb-en/shop/tech-takes/best-laptops-for-data-science-and-data-analysis?pStoreID=bizclubgold/gb-en/shop?pStoreID=bizclubgold/gb-en/shop?pStoreID=bizclubgold/gb-en/shop?pStoreID=bizclubgold/gb-en/shop/tech-takes/best-laptops-for-data-science-and-data-analysis?pStoreID=bizclubgold/gb-en/shop/tech-takes/best-laptops-for-data-science-and-data-analysis?pStoreID=bizclubgold/gb-en/shop?pStoreID=bizclubgold/gb-en/shop?pStoreID=bizclubgold/gb-en/shop/tech-takes/best-laptops-for-data-science-and-data-analysis?pStoreID=bizclubgold/gb-en/shop/tech-takes/best-laptops-for-data-science-and-data-analysis?pStoreID=bizclubgold/gb-en/shop?pStoreID=bizclubgold/gb-en/shop/tech-takes/best-laptops-for-data-science-and-data-analysis?pStoreID=bizclubgold/gb-en/shop/tech-takes/best-laptops-for-data-science-and-data-analysis?pStoreID=bizclubgold/gb-en/shop/tech-takes/best-laptops-for-data-science-and-data-analysis?pStoreID=bizclubgold/1000#1', 'domain': 'bbc.com', 'title': 'Home - BBC News - NewsNewsUS senator meets man mistakenly deported to El Salvador But Salvadoran President Bukele says Kilmar Ábrego García - who ...', 'source_type': 'Retrieved', 'source_bucket': 'Retrieved Sources', 'source_content_chars': 9163, 'judge_nli_label': 'neutral', 'judge_nli_score': 3.0, 'judge_nli_reasoning': 'The source content does not mention Tony Blair or any discussions regarding a transitional Gaza authority, so it does not provide enough information to support or contradict the response chunk.', 'judge_entailed': False, 'bert_nli_label': '', 'bert_nli_confidence': 0.0, 'bert_nli_reasoning': '', 'bert_entailed': False}, {'url': 'https://www.bbc.com/news?pStoreID=intuit/gb-en/shop?pStoreID=intuit/gb-en/shop/offer.aspx?p=c-gaming-promotion,intuit/1000#1', 'domain': 'bbc.com', 'title': 'BBC News - Breaking news, video and the latest top stories from the U.S. and around the world - NewsNewsTrump threatens 50% tariffs on EU and 25% on iPhonesShares in the US and Europe fall after the US president says trade t...', 'source_type': 'Retrieved', 'source_bucket': 'Retrieved Sources', 'source_content_chars': 9163, 'judge_nli_label': 'neutral', 'judge_nli_score': 3.0, 'judge_nli_reasoning': 'The source content does not mention Tony Blair or any discussions regarding a transitional Gaza authority, so it does not provide enough information to support or contradict the response chunk.', 'judge_entailed': False, 'bert_nli_label': '', 'bert_nli_confidence': 0.0, 'bert_nli_reasoning': '', 'bert_entailed': False}, {'url': 'https://images.thedailystar.net/news/world?page=20', 'domain': 'images.thedailystar.net', 'title': 'World | The Daily Star', 'source_type': 'Retrieved', 'source_bucket': 'Retrieved Sources', 'source_content_chars': 0, 'judge_nli_label': '', 'judge_nli_score': 0.0, 'judge_nli_reasoning': '', 'judge_entailed': False, 'bert_nli_label': '', 'bert_nli_confidence': 0.0, 'bert_nli_reasoning': '', 'bert_entailed': False}, {'url': 'https://www.postandcourier.com/nation-world/around-the-world-in-2-minutes/article_aaf11595-231f-4742-ba02-be7c92947176.html', 'domain': 'postandcourier.com', 'title': 'Around the world in 2 minutes', 'source_type': 'Retrieved', 'source_bucket': 'Retrieved Sources', 'source_content_chars': 0, 'judge_nli_label': '', 'judge_nli_score': 0.0, 'judge_nli_reasoning': '', 'judge_entailed': False, 'bert_nli_label': '', 'bert_nli_confidence': 0.0, 'bert_nli_reasoning': '', 'bert_entailed': False}, {'url': 'https://www.bbc.com/?t=16325#1', 'domain': 'bbc.com', 'title': ""BBC Home - Breaking News, World News, US News, Sports, Business, Innovation, Climate, Culture, Travel, Video & Audio - Comey indictment escalates Trump's promise of political retributionThe criminal case against Comey fulfils the president's desir..."", 'source_type': 'Retrieved', 'source_bucket': 'Retrieved Sources', 'source_content_chars': 222, 'judge_nli_label': 'neutral', 'judge_nli_score': 3.0, 'judge_nli_reasoning': 'The source content discusses films to watch and does not provide any information about Tony Blair or discussions regarding a transitional Gaza authority.', 'judge_entailed': False, 'bert_nli_label': '', 'bert_nli_confidence': 0.0, 'bert_nli_reasoning': '', 'bert_entailed': False}, {'url': 'https://abc7news.com/us-world/?userab=abcn_du_cat_topic_feature_holdout-474*variant_b_redesign-1939,abcn_popular_reads_exp-497*variant_a_control-2076,abcn_ad_cadence-481*control-a-1962,abcn_news_for_you_exp-496*variant_a_control-2074', 'domain': 'abc7news.com', 'title': 'U.S & World News | Breaking News & Video | ABC7 KGO-TV', 'source_type': 'Retrieved', 'source_bucket': 'Retrieved Sources', 'source_content_chars': 3428, 'judge_nli_label': 'neutral', 'judge_nli_score': 3.0, 'judge_nli_reasoning': 'The source content does not mention Tony Blair or any discussions regarding a transitional Gaza authority, so it does not provide enough information to support or contradict the response chunk.', 'judge_entailed': False, 'bert_nli_label': '', 'bert_nli_confidence': 0.0, 'bert_nli_reasoning': '', 'bert_entailed': False}, {'url': 'https://www.wistv.com:443/news/national/#1', 'domain': 'wistv.com:443', 'title': 'National - Skip to content', 'source_type': 'Retrieved', 'source_bucket': 'Retrieved Sources', 'source_content_chars': 15609, 'judge_nli_label': 'neutral', 'judge_nli_score': 3.0, 'judge_nli_reasoning': 'The source content does not mention Tony Blair or any discussions regarding a transitional Gaza authority, so there is insufficient information to determine the truth of the response chunk.', 'judge_entailed': False, 'bert_nli_label': '', 'bert_nli_confidence': 0.0, 'bert_nli_reasoning': '', 'bert_entailed': False}, {'url': 'https://www.thedailystar.net/news/world?archive=2013-12-17&page=2222#1', 'domain': 'thedailystar.net', 'title': 'World | The Daily Star - Russia pummels Kyiv as Zelensky heads to US', 'source_type': 'Retrieved', 'source_bucket': 'Retrieved Sources', 'source_content_chars': 218, 'judge_nli_label': 'neutral', 'judge_nli_score': 3.0, 'judge_nli_reasoning': ""The source content discusses Kofi Annan's views on global leadership and does not provide any information about Tony Blair or discussions regarding a transitional Gaza authority."", 'judge_entailed': False, 'bert_nli_label': '', 'bert_nli_confidence': 0.0, 'bert_nli_reasoning': '', 'bert_entailed': False}, {'url': 'https://www.lbc.co.uk/?mi_u=9774b3a6e03343169181942884006342&mi_ecmp=evening(6pm)&utm_source=crm_LBC&utm_medium=email&utm_campaign=newsletter&utm_content=&mi_cmp=a112e7ce887fa34a~9732750~~~~~~&mi_sc=t#1', 'domain': 'lbc.co.uk', 'title': 'Latest Breaking UK and World News & Opinion | LBC - Nick Ferrari', 'source_type': 'Retrieved', 'source_bucket': 'Retrieved Sources', 'source_content_chars': 251, 'judge_nli_label': 'neutral', 'judge_nli_score': 3.0, 'judge_nli_reasoning': 'The source content discusses a tragic accident and does not provide any information about Tony Blair or discussions regarding a transitional Gaza authority.', 'judge_entailed': False, 'bert_nli_label': '', 'bert_nli_confidence': 0.0, 'bert_nli_reasoning': '', 'bert_entailed': False}, {'url': 'https://www.bbc.com/news?xtor=ES-208-[72329_NEWS_NLB_INT_WK18_THU_2_MAY.html]-20240502-[bbcnews_bbcnewsfooter_nogenre]#1', 'domain': 'bbc.com', 'title': 'BBC News - Breaking news, video and the latest top stories from the U.S. and around the world - NewsOn the Strait of Hormuz, BBC finds seized ships and shark fishermen as uneasy calm returnsThe BBC visits Bandar Abbas to see...', 'source_type': 'Retrieved', 'source_bucket': 'Retrieved Sources', 'source_content_chars': 9163, 'judge_nli_label': 'neutral', 'judge_nli_score': 3.0, 'judge_nli_reasoning': 'The source content does not mention Tony Blair or any discussions regarding a transitional Gaza authority, so it does not provide enough information to support or contradict the response chunk.', 'judge_entailed': False, 'bert_nli_label': '', 'bert_nli_confidence': 0.0, 'bert_nli_reasoning': '', 'bert_entailed': False}, {'url': 'https://abcnews.go.com/?id=4318311&page=1', 'domain': 'abcnews.go.com', 'title': 'ABC News – Breaking News, Latest News and Videos', 'source_type': 'Retrieved', 'source_bucket': 'Retrieved Sources', 'source_content_chars': 11417, 'judge_nli_label': 'neutral', 'judge_nli_score': 3.0, 'judge_nli_reasoning': 'The source content does not mention Tony Blair or any discussions regarding a transitional Gaza authority, so it does not provide enough information to support or contradict the response chunk.', 'judge_entailed': False, 'bert_nli_label': '', 'bert_nli_confidence': 0.0, 'bert_nli_reasoning': '', 'bert_entailed': False}, {'url': 'https://www.kcrg.com/news/national/26-Victims-To-Get-597-Million-In-Penn-State-Abuse-Scandal-229578141.html#1', 'domain': 'kcrg.com', 'title': 'National News - Skip to content', 'source_type': 'Retrieved', 'source_bucket': 'Retrieved Sources', 'source_content_chars': 15453, 'judge_nli_label': 'neutral', 'judge_nli_score': 3.0, 'judge_nli_reasoning': 'The source content does not mention Tony Blair or any discussions regarding a transitional Gaza authority, so there is insufficient information to determine the truth of the response chunk.', 'judge_entailed': False, 'bert_nli_label': '', 'bert_nli_confidence': 0.0, 'bert_nli_reasoning': '', 'bert_entailed': False}, {'url': 'https://www.yicai.com/news/102739578.html', 'domain': 'yicai.com', 'title': '泰国代理总理：需谨慎应对当前事态', 'source_type': 'Retrieved', 'source_bucket': 'Retrieved Sources', 'source_content_chars': 595, 'judge_nli_label': 'neutral', 'judge_nli_score': 3.0, 'judge_nli_reasoning': 'The source content discusses a statement by the Thai acting prime minister regarding the need for caution in response to current events, but it does not mention Tony Blair or any discussions about a transitional Gaza authority, leaving the relationship between the two unclear.', 'judge_entailed': False, 'bert_nli_label': '', 'bert_nli_confidence': 0.0, 'bert_nli_reasoning': '', 'bert_entailed': False}, {'url': 'https://www.aastocks.com/sc/mobile/news.aspx?newsid=GLH2627105L&newstype=61&newssource=GLH', 'domain': 'aastocks.com', 'title': '财经新闻 Financial News', 'source_type': 'Retrieved', 'source_bucket': 'Retrieved Sources', 'source_content_chars': 294, 'judge_nli_label': 'neutral', 'judge_nli_score': 3.0, 'judge_nli_reasoning': 'The source content does not provide any information regarding Tony Blair or discussions about a transitional Gaza authority, making it impossible to determine the truth of the response chunk.', 'judge_entailed': False, 'bert_nli_label': '', 'bert_nli_confidence': 0.0, 'bert_nli_reasoning': '', 'bert_entailed': False}]"
0,deepseek-v4-flash,deepseek,auto,web::6a8712d5-bc24-83ed-a880-52106c9c8a40::aa46c3d4-d77f-41cd-922a-bda37bb6d346,0,6a8712d5-bc24-83ed-a880-52106c9c8a40,aa46c3d4-d77f-41cd-922a-bda37bb6d346,What are the News today?,"I'll search for today's news for you.
Based on my search of today's news, here's a summary of the top stories making headlines right now:

## 🌍 Top News Today

### US Politics & Legal
- **James Comey indicted**: The former FBI director has been indicted on two charges, which he says are politically motivated following pressure from Trump on prosecutors.
- **Trumps tariffs escalation**: President Trump has threatened 50% tariffs on the EU and 25% on iPhones, causing US and European stock markets to fall. Trade talks with the EU are reportedly ""going nowhere.""
- **TikTok deal**: Trump says a deal on TikTok's future in the US has been made, but it hasn't been confirmed by China or ByteDance.
- **Supreme Court rulings**: SCOTUS struck down restrictions on carrying guns on private property and cleared the way for Trump to revive immigration policies (ending protections for Haitians and Syrians).

### Middle East
- **Gaza conflict**: Hamas formally rejected an Israeli ceasefire offer, saying it wants a deal freeing all hostages in exchange for ending the war. Israeli forces also raided and shut down a major hospital in northern Gaza.
- **US-Iran tensions**: Trump said he's holding off on new strikes against Iran after discussions with Gulf allies, though pressure on Tehran continues.
- **Tony Blair talks**: The former UK PM is reportedly in discussions to run a transitional Gaza authority.

### Global
- **Venezuela earthquakes**: At least 164 people dead and 971 injured after twin powerful earthquakes struck the country.
- **US-China trade war**: The US laid out plans to hit Chinese ships with port fees, and China's neighbors are caught between the two superpowers.
- **Ukraine**: Russia and Ukraine took part in the biggest prisoner swap since the 2022 invasion, while Ukraine said an outline of a minerals deal with the US was signed.
- **Google monopoly**: A judge ruled Google has an illegal advertising monopoly—its second major antitrust loss.

### Business & Tech
- **Ola struggles**: India's EV pioneer faces falling sales amid rising competition and regulatory scrutiny.
- **Harvard**: A judge temporarily blocked Trump's plan to stop Harvard enrolling foreign students.

### Other Notable Stories
- **Venezuela quake survivor** pulled out alive after eight days.
- **Deportation controversy**: A US senator met a man mistakenly deported to El Salvador.
- **King Charles III** expected to reveal his personal tax bill.

---

Would you like me to dig deeper into any particular story or category (politics, business, sports, entertainment, etc.)?",16,At least 164 people are dead and 971 injured after twin powerful earthquakes struck Venezuela.,[],[],15,Parametric Knowledge,Unknown,,,,,0.0,,False,,0.0,,False,False,False,True,"[{'url': 'https://edition.cnn.com/2026/08/23/world/video/22920342-pencecanadatrade-vrtc', 'domain': 'edition.cnn.com', 'title': 'Former VP Pence says trade war with Canada is ‘last thing we need right now’ | CNN', 'source_type': 'Retrieved', 'source_bucket': 'Retrieved Sources', 'source_content_chars': 375, 'judge_nli_label': 'neutral', 'judge_nli_score': 3.0, 'judge_nli_reasoning': 'The source content discusses issues related to Iranian women and protests, which is unrelated to the earthquakes in Venezuela mentioned in the response chunk.', 'judge_entailed': False, 'bert_nli_label': '', 'bert_nli_confidence': 0.0, 'bert_nli_reasoning': '', 'bert_entailed': False}, {'url': 'https://www.bbc.com/news?pStoreID=bizclubgold/gb-en/shop/tech-takes/best-laptops-for-data-science-and-data-analysis?pStoreID=bizclubgold/gb-en/shop/tech-takes/best-laptops-for-data-science-and-data-analysis?pStoreID=bizclubgold/gb-en/shop?pStoreID=bizclubgold/gb-en/shop?pStoreID=bizclubgold/gb-en/shop?pStoreID=bizclubgold/gb-en/shop/tech-takes/best-laptops-for-data-science-and-data-analysis?pStoreID=bizclubgold/gb-en/shop/tech-takes/best-laptops-for-data-science-and-data-analysis?pStoreID=bizclubgold/gb-en/shop?pStoreID=bizclubgold/gb-en/shop?pStoreID=bizclubgold/gb-en/shop/tech-takes/best-laptops-for-data-science-and-data-analysis?pStoreID=bizclubgold/gb-en/shop/tech-takes/best-laptops-for-data-science-and-data-analysis?pStoreID=bizclubgold/gb-en/shop?pStoreID=bizclubgold/gb-en/shop/tech-takes/best-laptops-for-data-science-and-data-analysis?pStoreID=bizclubgold/gb-en/shop/tech-takes/best-laptops-for-data-science-and-data-analysis?pStoreID=bizclubgold/gb-en/shop/tech-takes/best-laptops-for-data-science-and-data-analysis?pStoreID=bizclubgold/1000#1', 'domain': 'bbc.com', 'title': 'Home - BBC News - NewsNewsUS senator meets man mistakenly deported to El Salvador But Salvadoran President Bukele says Kilmar Ábrego García - who ...', 'source_type': 'Retrieved', 'source_bucket': 'Retrieved Sources', 'source_content_chars': 9163, 'judge_nli_label': 'neutral', 'judge_nli_score': 3.0, 'judge_nli_reasoning': 'The source content does not mention any earthquakes in Venezuela or provide information about casualties, so it does not support or contradict the claims made in the response chunk.', 'judge_entailed': False, 'bert_nli_label': '', 'bert_nli_confidence': 0.0, 'bert_nli_reasoning': '', 'bert_entailed': False}, {'url': 'https://www.bbc.com/news?pStoreID=intuit/gb-en/shop?pStoreID=intuit/gb-en/shop/offer.aspx?p=c-gaming-promotion,intuit/1000#1', 'domain': 'bbc.com', 'title': 'BBC News - Breaking news, video and the latest top stories from the U.S. and around the world - NewsNewsTrump threatens 50% tariffs on EU and 25% on iPhonesShares in the US and Europe fall after the US president says trade t...', 'source_type': 'Retrieved', 'source_bucket': 'Retrieved Sources', 'source_content_chars': 9163, 'judge_nli_label': 'neutral', 'judge_nli_score': 3.0, 'judge_nli_reasoning': 'The source content does not mention any earthquakes in Venezuela or provide information about casualties, so it does not support or contradict the claims made in the response chunk.', 'judge_entailed': False, 'bert_nli_label': '', 'bert_nli_confidence': 0.0, 'bert_nli_reasoning': '', 'bert_entailed': False}, {'url': 'https://images.thedailystar.net/news/world?page=20', 'domain': 'images.thedailystar.net', 'title': 'World | The Daily Star', 'source_type': 'Retrieved', 'source_bucket': 'Retrieved Sources', 'source_content_chars': 0, 'judge_nli_label': '', 'judge_nli_score': 0.0, 'judge_nli_reasoning': '', 'judge_entailed': False, 'bert_nli_label': '', 'bert_nli_confidence': 0.0, 'bert_nli_reasoning': '', 'bert_entailed': False}, {'url': 'https://www.postandcourier.com/nation-world/around-the-world-in-2-minutes/article_aaf11595-231f-4742-ba02-be7c92947176.html', 'domain': 'postandcourier.com', 'title': 'Around the world in 2 minutes', 'source_type': 'Retrieved', 'source_bucket': 'Retrieved Sources', 'source_content_chars': 0, 'judge_nli_label': '', 'judge_nli_score': 0.0, 'judge_nli_reasoning': '', 'judge_entailed': False, 'bert_nli_label': '', 'bert_nli_confidence': 0.0, 'bert_nli_reasoning': '', 'bert_entailed': False}, {'url': 'https://www.bbc.com/?t=16325#1', 'domain': 'bbc.com', 'title': ""BBC Home - Breaking News, World News, US News, Sports, Business, Innovation, Climate, Culture, Travel, Video & Audio - Comey indictment escalates Trump's promise of political retributionThe criminal case against Comey fulfils the president's desir..."", 'source_type': 'Retrieved', 'source_bucket': 'Retrieved Sources', 'source_content_chars': 222, 'judge_nli_label': 'neutral', 'judge_nli_score': 3.0, 'judge_nli_reasoning': 'The source content discusses films to watch and does not provide any information about earthquakes or casualties in Venezuela.', 'judge_entailed': False, 'bert_nli_label': '', 'bert_nli_confidence': 0.0, 'bert_nli_reasoning': '', 'bert_entailed': False}, {'url': 'https://abc7news.com/us-world/?userab=abcn_du_cat_topic_feature_holdout-474*variant_b_redesign-1939,abcn_popular_reads_exp-497*variant_a_control-2076,abcn_ad_cadence-481*control-a-1962,abcn_news_for_you_exp-496*variant_a_control-2074', 'domain': 'abc7news.com', 'title': 'U.S & World News | Breaking News & Video | ABC7 KGO-TV', 'source_type': 'Retrieved', 'source_bucket': 'Retrieved Sources', 'source_content_chars': 3428, 'judge_nli_label': 'neutral', 'judge_nli_score': 3.0, 'judge_nli_reasoning': 'The source content does not mention any earthquakes in Venezuela or provide any information about casualties, so it does not support or contradict the claims made in the response chunk.', 'judge_entailed': False, 'bert_nli_label': '', 'bert_nli_confidence': 0.0, 'bert_nli_reasoning': '', 'bert_entailed': False}, {'url': 'https://www.wistv.com:443/news/national/#1', 'domain': 'wistv.com:443', 'title': 'National - Skip to content', 'source_type': 'Retrieved', 'source_bucket': 'Retrieved Sources', 'source_content_chars': 15609, 'judge_nli_label': 'neutral', 'judge_nli_score': 2.0, 'judge_nli_reasoning': 'The source content does not mention any earthquakes in Venezuela or provide information about casualties or injuries related to such events, leaving the claims in the response chunk unsupported.', 'judge_entailed': False, 'bert_nli_label': '', 'bert_nli_confidence': 0.0, 'bert_nli_reasoning': '', 'bert_entailed': False}, {'url': 'https://www.thedailystar.net/news/world?archive=2013-12-17&page=2222#1', 'domain': 'thedailystar.net', 'title': 'World | The Daily Star - Russia pummels Kyiv as Zelensky heads to US', 'source_type': 'Retrieved', 'source_bucket': 'Retrieved Sources', 'source_content_chars': 218, 'judge_nli_label': 'neutral', 'judge_nli_score': 3.0, 'judge_nli_reasoning': ""The source content discusses Kofi Annan's views on global leadership and does not provide any information about earthquakes in Venezuela or related casualties."", 'judge_entailed': False, 'bert_nli_label': '', 'bert_nli_confidence': 0.0, 'bert_nli_reasoning': '', 'bert_entailed': False}, {'url': 'https://www.lbc.co.uk/?mi_u=9774b3a6e03343169181942884006342&mi_ecmp=evening(6pm)&utm_source=crm_LBC&utm_medium=email&utm_campaign=newsletter&utm_content=&mi_cmp=a112e7ce887fa34a~9732750~~~~~~&mi_sc=t#1', 'domain': 'lbc.co.uk', 'title': 'Latest Breaking UK and World News & Opinion | LBC - Nick Ferrari', 'source_type': 'Retrieved', 'source_bucket': 'Retrieved Sources', 'source_content_chars': 251, 'judge_nli_label': 'neutral', 'judge_nli_score': 3.0, 'judge_nli_reasoning': 'The source content discusses a car crash and the deaths of specific individuals, while the response chunk refers to earthquakes in Venezuela, which are unrelated events.', 'judge_entailed': False, 'bert_nli_label': '', 'bert_nli_confidence': 0.0, 'bert_nli_reasoning': '', 'bert_entailed': False}, {'url': 'https://www.bbc.com/news?xtor=ES-208-[72329_NEWS_NLB_INT_WK18_THU_2_MAY.html]-20240502-[bbcnews_bbcnewsfooter_nogenre]#1', 'domain': 'bbc.com', 'title': 'BBC News - Breaking news, video and the latest top stories from the U.S. and around the world - NewsOn the Strait of Hormuz, BBC finds seized ships and shark fishermen as uneasy calm returnsThe BBC visits Bandar Abbas to see...', 'source_type': 'Retrieved', 'source_bucket': 'Retrieved Sources', 'source_content_chars': 9163, 'judge_nli_label': 'neutral', 'judge_nli_score': 3.0, 'judge_nli_reasoning': 'The source content does not mention any earthquakes in Venezuela or provide information about casualties, so it does not support or contradict the claims made in the response chunk.', 'judge_entailed': False, 'bert_nli_label': '', 'bert_nli_confidence': 0.0, 'bert_nli_reasoning': '', 'bert_entailed': False}, {'url': 'https://abcnews.go.com/?id=4318311&page=1', 'domain': 'abcnews.go.com', 'title': 'ABC News – Breaking News, Latest News and Videos', 'source_type': 'Retrieved', 'source_bucket': 'Retrieved Sources', 'source_content_chars': 11417, 'judge_nli_label': 'neutral', 'judge_nli_score': 3.0, 'judge_nli_reasoning': 'The source content does not provide any information regarding the earthquakes in Venezuela or the casualties mentioned in the response chunk, making it impossible to determine the accuracy of the claims.', 'judge_entailed': False, 'bert_nli_label': '', 'bert_nli_confidence': 0.0, 'bert_nli_reasoning': '', 'bert_entailed': False}, {'url': 'https://www.kcrg.com/news/national/26-Victims-To-Get-597-Million-In-Penn-State-Abuse-Scandal-229578141.html#1', 'domain': 'kcrg.com', 'title': 'National News - Skip to content', 'source_type': 'Retrieved', 'source_bucket': 'Retrieved Sources', 'source_content_chars': 15453, 'judge_nli_label': 'neutral', 'judge_nli_score': 2.0, 'judge_nli_reasoning': 'The source content does not mention any earthquakes in Venezuela or provide information about casualties or injuries related to such an event, leaving the response chunk unsupported.', 'judge_entailed': False, 'bert_nli_label': '', 'bert_nli_confidence': 0.0, 'bert_nli_reasoning': '', 'bert_entailed': False}, {'url': 'https://www.yicai.com/news/102739578.html', 'domain': 'yicai.com', 'title': '泰国代理总理：需谨慎应对当前事态', 'source_type': 'Retrieved', 'source_bucket': 'Retrieved Sources', 'source_content_chars': 595, 'judge_nli_label': 'neutral', 'judge_nli_score': 3.0, 'judge_nli_reasoning': 'The source content discusses a statement from the Thai acting Prime Minister and does not mention any earthquakes or casualties in Venezuela, providing no relevant information to support or contradict the response chunk.', 'judge_entailed': False, 'bert_nli_label': '', 'bert_nli_confidence': 0.0, 'bert_nli_reasoning': '', 'bert_entailed': False}, {'url': 'https://www.aastocks.com/sc/mobile/news.aspx?newsid=GLH2627105L&newstype=61&newssource=GLH', 'domain': 'aastocks.com', 'title': '财经新闻 Financial News', 'source_type': 'Retrieved', 'source_bucket': 'Retrieved Sources', 'source_content_chars': 294, 'judge_nli_label': 'neutral', 'judge_nli_score': 3.0, 'judge_nli_reasoning': 'The source content does not provide any information about the earthquakes in Venezuela or the casualties mentioned in the response chunk, making it impossible to determine a relationship.', 'judge_entailed': False, 'bert_nli_label': '', 'bert_nli_confidence': 0.0, 'bert_nli_reasoning': '', 'bert_entailed': False}]"
0,deepseek-v4-flash,deepseek,auto,web::6a8712d5-bc24-83ed-a880-52106c9c8a40::aa46c3d4-d77f-41cd-922a-bda37bb6d346,0,6a8712d5-bc24-83ed-a880-52106c9c8a40,aa46c3d4-d77f-41cd-922a-bda37bb6d346,What are the News today?,"I'll search for today's news for you.
Based on my search of today's news, here's a summary of the top stories making headlines right now:

## 🌍 Top News Today

### US Politics & Legal
- **James Comey indicted**: The former FBI director has been indicted on two charges, which he says are politically motivated following pressure from Trump on prosecutors.
- **Trumps tariffs escalation**: President Trump has threatened 50% tariffs on the EU and 25% on iPhones, causing US and European stock markets to fall. Trade talks with the EU are reportedly ""going nowhere.""
- **TikTok deal**: Trump says a deal on TikTok's future in the US has been made, but it hasn't been confirmed by China or ByteDance.
- **Supreme Court rulings**: SCOTUS struck down restrictions on carrying guns on private property and cleared the way for Trump to revive immigration policies (ending protections for Haitians and Syrians).

### Middle East
- **Gaza conflict**: Hamas formally rejected an Israeli ceasefire offer, saying it wants a deal freeing all hostages in exchange for ending the war. Israeli forces also raided and shut down a major hospital in northern Gaza.
- **US-Iran tensions**: Trump said he's holding off on new strikes against Iran after discussions with Gulf allies, though pressure on Tehran continues.
- **Tony Blair talks**: The former UK PM is reportedly in discussions to run a transitional Gaza authority.

### Global
- **Venezuela earthquakes**: At least 164 people dead and 971 injured after twin powerful earthquakes struck the country.
- **US-China trade war**: The US laid out plans to hit Chinese ships with port fees, and China's neighbors are caught between the two superpowers.
- **Ukraine**: Russia and Ukraine took part in the biggest prisoner swap since the 2022 invasion, while Ukraine said an outline of a minerals deal with the US was signed.
- **Google monopoly**: A judge ruled Google has an illegal advertising monopoly—its second major antitrust loss.

### Business & Tech
- **Ola struggles**: India's EV pioneer faces falling sales amid rising competition and regulatory scrutiny.
- **Harvard**: A judge temporarily blocked Trump's plan to stop Harvard enrolling foreign students.

### Other Notable Stories
- **Venezuela quake survivor** pulled out alive after eight days.
- **Deportation controversy**: A US senator met a man mistakenly deported to El Salvador.
- **King Charles III** expected to reveal his personal tax bill.

---

Would you like me to dig deeper into any particular story or category (politics, business, sports, entertainment, etc.)?",17,The US laid out plans to hit Chinese ships with port fees.,[],[],15,Parametric Knowledge,Unknown,,,,,0.0,,False,,0.0,,False,False,False,True,"[{'url': 'https://edition.cnn.com/2026/08/23/world/video/22920342-pencecanadatrade-vrtc', 'domain': 'edition.cnn.com', 'title': 'Former VP Pence says trade war with Canada is ‘last thing we need right now’ | CNN', 'source_type': 'Retrieved', 'source_bucket': 'Retrieved Sources', 'source_content_chars': 375, 'judge_nli_label': 'neutral', 'judge_nli_score': 3.0, 'judge_nli_reasoning': ""The source content discusses Iranian women's dress and protests, while the response chunk mentions US plans regarding Chinese ships, which are unrelated topics."", 'judge_entailed': False, 'bert_nli_label': '', 'bert_nli_confidence': 0.0, 'bert_nli_reasoning': '', 'bert_entailed': False}, {'url': 'https://www.bbc.com/news?pStoreID=bizclubgold/gb-en/shop/tech-takes/best-laptops-for-data-science-and-data-analysis?pStoreID=bizclubgold/gb-en/shop/tech-takes/best-laptops-for-data-science-and-data-analysis?pStoreID=bizclubgold/gb-en/shop?pStoreID=bizclubgold/gb-en/shop?pStoreID=bizclubgold/gb-en/shop?pStoreID=bizclubgold/gb-en/shop/tech-takes/best-laptops-for-data-science-and-data-analysis?pStoreID=bizclubgold/gb-en/shop/tech-takes/best-laptops-for-data-science-and-data-analysis?pStoreID=bizclubgold/gb-en/shop?pStoreID=bizclubgold/gb-en/shop?pStoreID=bizclubgold/gb-en/shop/tech-takes/best-laptops-for-data-science-and-data-analysis?pStoreID=bizclubgold/gb-en/shop/tech-takes/best-laptops-for-data-science-and-data-analysis?pStoreID=bizclubgold/gb-en/shop?pStoreID=bizclubgold/gb-en/shop/tech-takes/best-laptops-for-data-science-and-data-analysis?pStoreID=bizclubgold/gb-en/shop/tech-takes/best-laptops-for-data-science-and-data-analysis?pStoreID=bizclubgold/gb-en/shop/tech-takes/best-laptops-for-data-science-and-data-analysis?pStoreID=bizclubgold/1000#1', 'domain': 'bbc.com', 'title': 'Home - BBC News - NewsNewsUS senator meets man mistakenly deported to El Salvador But Salvadoran President Bukele says Kilmar Ábrego García - who ...', 'source_type': 'Retrieved', 'source_bucket': 'Retrieved Sources', 'source_content_chars': 9163, 'judge_nli_label': 'neutral', 'judge_nli_score': 3.0, 'judge_nli_reasoning': 'The source content does not provide any information regarding the US laying out plans to hit Chinese ships with port fees, so it cannot be confirmed or denied.', 'judge_entailed': False, 'bert_nli_label': '', 'bert_nli_confidence': 0.0, 'bert_nli_reasoning': '', 'bert_entailed': False}, {'url': 'https://www.bbc.com/news?pStoreID=intuit/gb-en/shop?pStoreID=intuit/gb-en/shop/offer.aspx?p=c-gaming-promotion,intuit/1000#1', 'domain': 'bbc.com', 'title': 'BBC News - Breaking news, video and the latest top stories from the U.S. and around the world - NewsNewsTrump threatens 50% tariffs on EU and 25% on iPhonesShares in the US and Europe fall after the US president says trade t...', 'source_type': 'Retrieved', 'source_bucket': 'Retrieved Sources', 'source_content_chars': 9163, 'judge_nli_label': 'neutral', 'judge_nli_score': 3.0, 'judge_nli_reasoning': 'The source content does not provide any information regarding the US laying out plans to hit Chinese ships with port fees, so it cannot be confirmed or denied.', 'judge_entailed': False, 'bert_nli_label': '', 'bert_nli_confidence': 0.0, 'bert_nli_reasoning': '', 'bert_entailed': False}, {'url': 'https://images.thedailystar.net/news/world?page=20', 'domain': 'images.thedailystar.net', 'title': 'World | The Daily Star', 'source_type': 'Retrieved', 'source_bucket': 'Retrieved Sources', 'source_content_chars': 0, 'judge_nli_label': '', 'judge_nli_score': 0.0, 'judge_nli_reasoning': '', 'judge_entailed': False, 'bert_nli_label': '', 'bert_nli_confidence': 0.0, 'bert_nli_reasoning': '', 'bert_entailed': False}, {'url': 'https://www.postandcourier.com/nation-world/around-the-world-in-2-minutes/article_aaf11595-231f-4742-ba02-be7c92947176.html', 'domain': 'postandcourier.com', 'title': 'Around the world in 2 minutes', 'source_type': 'Retrieved', 'source_bucket': 'Retrieved Sources', 'source_content_chars': 0, 'judge_nli_label': '', 'judge_nli_score': 0.0, 'judge_nli_reasoning': '', 'judge_entailed': False, 'bert_nli_label': '', 'bert_nli_confidence': 0.0, 'bert_nli_reasoning': '', 'bert_entailed': False}, {'url': 'https://www.bbc.com/?t=16325#1', 'domain': 'bbc.com', 'title': ""BBC Home - Breaking News, World News, US News, Sports, Business, Innovation, Climate, Culture, Travel, Video & Audio - Comey indictment escalates Trump's promise of political retributionThe criminal case against Comey fulfils the president's desir..."", 'source_type': 'Retrieved', 'source_bucket': 'Retrieved Sources', 'source_content_chars': 222, 'judge_nli_label': 'neutral', 'judge_nli_score': 3.0, 'judge_nli_reasoning': 'The source content discusses films to watch and does not provide any information related to US plans or port fees for Chinese ships.', 'judge_entailed': False, 'bert_nli_label': '', 'bert_nli_confidence': 0.0, 'bert_nli_reasoning': '', 'bert_entailed': False}, {'url': 'https://abc7news.com/us-world/?userab=abcn_du_cat_topic_feature_holdout-474*variant_b_redesign-1939,abcn_popular_reads_exp-497*variant_a_control-2076,abcn_ad_cadence-481*control-a-1962,abcn_news_for_you_exp-496*variant_a_control-2074', 'domain': 'abc7news.com', 'title': 'U.S & World News | Breaking News & Video | ABC7 KGO-TV', 'source_type': 'Retrieved', 'source_bucket': 'Retrieved Sources', 'source_content_chars': 3428, 'judge_nli_label': 'neutral', 'judge_nli_score': 3.0, 'judge_nli_reasoning': 'The source content does not mention any plans by the US to impose port fees on Chinese ships, nor does it provide information that supports or contradicts this claim.', 'judge_entailed': False, 'bert_nli_label': '', 'bert_nli_confidence': 0.0, 'bert_nli_reasoning': '', 'bert_entailed': False}, {'url': 'https://www.wistv.com:443/news/national/#1', 'domain': 'wistv.com:443', 'title': 'National - Skip to content', 'source_type': 'Retrieved', 'source_bucket': 'Retrieved Sources', 'source_content_chars': 15609, 'judge_nli_label': 'neutral', 'judge_nli_score': 3.0, 'judge_nli_reasoning': 'The source content does not mention any plans by the US to impose port fees on Chinese ships, nor does it provide information that directly supports or contradicts the claim in the response chunk.', 'judge_entailed': False, 'bert_nli_label': '', 'bert_nli_confidence': 0.0, 'bert_nli_reasoning': '', 'bert_entailed': False}, {'url': 'https://www.thedailystar.net/news/world?archive=2013-12-17&page=2222#1', 'domain': 'thedailystar.net', 'title': 'World | The Daily Star - Russia pummels Kyiv as Zelensky heads to US', 'source_type': 'Retrieved', 'source_bucket': 'Retrieved Sources', 'source_content_chars': 218, 'judge_nli_label': 'neutral', 'judge_nli_score': 3.0, 'judge_nli_reasoning': ""The source content discusses Kofi Annan's views on global leadership and cooperation, which does not provide any information about US plans regarding Chinese ships or port fees."", 'judge_entailed': False, 'bert_nli_label': '', 'bert_nli_confidence': 0.0, 'bert_nli_reasoning': '', 'bert_entailed': False}, {'url': 'https://www.lbc.co.uk/?mi_u=9774b3a6e03343169181942884006342&mi_ecmp=evening(6pm)&utm_source=crm_LBC&utm_medium=email&utm_campaign=newsletter&utm_content=&mi_cmp=a112e7ce887fa34a~9732750~~~~~~&mi_sc=t#1', 'domain': 'lbc.co.uk', 'title': 'Latest Breaking UK and World News & Opinion | LBC - Nick Ferrari', 'source_type': 'Retrieved', 'source_bucket': 'Retrieved Sources', 'source_content_chars': 251, 'judge_nli_label': 'neutral', 'judge_nli_score': 3.0, 'judge_nli_reasoning': 'The source content discusses a tragic accident involving fatalities and does not mention anything related to US plans or port fees for Chinese ships.', 'judge_entailed': False, 'bert_nli_label': '', 'bert_nli_confidence': 0.0, 'bert_nli_reasoning': '', 'bert_entailed': False}, {'url': 'https://www.bbc.com/news?xtor=ES-208-[72329_NEWS_NLB_INT_WK18_THU_2_MAY.html]-20240502-[bbcnews_bbcnewsfooter_nogenre]#1', 'domain': 'bbc.com', 'title': 'BBC News - Breaking news, video and the latest top stories from the U.S. and around the world - NewsOn the Strait of Hormuz, BBC finds seized ships and shark fishermen as uneasy calm returnsThe BBC visits Bandar Abbas to see...', 'source_type': 'Retrieved', 'source_bucket': 'Retrieved Sources', 'source_content_chars': 9163, 'judge_nli_label': 'neutral', 'judge_nli_score': 3.0, 'judge_nli_reasoning': 'The source content does not provide any information regarding the US laying out plans to hit Chinese ships with port fees, so it cannot be confirmed or denied.', 'judge_entailed': False, 'bert_nli_label': '', 'bert_nli_confidence': 0.0, 'bert_nli_reasoning': '', 'bert_entailed': False}, {'url': 'https://abcnews.go.com/?id=4318311&page=1', 'domain': 'abcnews.go.com', 'title': 'ABC News – Breaking News, Latest News and Videos', 'source_type': 'Retrieved', 'source_bucket': 'Retrieved Sources', 'source_content_chars': 11417, 'judge_nli_label': 'neutral', 'judge_nli_score': 3.0, 'judge_nli_reasoning': 'The source content does not provide any information regarding the US plans to hit Chinese ships with port fees, making it impossible to determine the accuracy of the response chunk.', 'judge_entailed': False, 'bert_nli_label': '', 'bert_nli_confidence': 0.0, 'bert_nli_reasoning': '', 'bert_entailed': False}, {'url': 'https://www.kcrg.com/news/national/26-Victims-To-Get-597-Million-In-Penn-State-Abuse-Scandal-229578141.html#1', 'domain': 'kcrg.com', 'title': 'National News - Skip to content', 'source_type': 'Retrieved', 'source_bucket': 'Retrieved Sources', 'source_content_chars': 15453, 'judge_nli_label': 'neutral', 'judge_nli_score': 3.0, 'judge_nli_reasoning': 'The source content does not mention any plans by the US to impose port fees on Chinese ships, nor does it provide information that would support or contradict this claim.', 'judge_entailed': False, 'bert_nli_label': '', 'bert_nli_confidence': 0.0, 'bert_nli_reasoning': '', 'bert_entailed': False}, {'url': 'https://www.yicai.com/news/102739578.html', 'domain': 'yicai.com', 'title': '泰国代理总理：需谨慎应对当前事态', 'source_type': 'Retrieved', 'source_bucket': 'Retrieved Sources', 'source_content_chars': 595, 'judge_nli_label': 'neutral', 'judge_nli_score': 3.0, 'judge_nli_reasoning': 'The source content discusses a statement from the Thai acting Prime Minister regarding the need for caution in response to current events, but it does not mention anything about the US or plans to impose port fees on Chinese ships.', 'judge_entailed': False, 'bert_nli_label': '', 'bert_nli_confidence': 0.0, 'bert_nli_reasoning': '', 'bert_entailed': False}, {'url': 'https://www.aastocks.com/sc/mobile/news.aspx?newsid=GLH2627105L&newstype=61&newssource=GLH', 'domain': 'aastocks.com', 'title': '财经新闻 Financial News', 'source_type': 'Retrieved', 'source_bucket': 'Retrieved Sources', 'source_content_chars': 294, 'judge_nli_label': 'neutral', 'judge_nli_score': 3.0, 'judge_nli_reasoning': 'The source content does not provide any information regarding US plans to hit Chinese ships with port fees, making it impossible to determine the relationship.', 'judge_entailed': False, 'bert_nli_label': '', 'bert_nli_confidence': 0.0, 'bert_nli_reasoning': '', 'bert_entailed': False}]"
0,deepseek-v4-flash,deepseek,auto,web::6a8712d5-bc24-83ed-a880-52106c9c8a40::aa46c3d4-d77f-41cd-922a-bda37bb6d346,0,6a8712d5-bc24-83ed-a880-52106c9c8a40,aa46c3d4-d77f-41cd-922a-bda37bb6d346,What are the News today?,"I'll search for today's news for you.
Based on my search of today's news, here's a summary of the top stories making headlines right now:

## 🌍 Top News Today

### US Politics & Legal
- **James Comey indicted**: The former FBI director has been indicted on two charges, which he says are politically motivated following pressure from Trump on prosecutors.
- **Trumps tariffs escalation**: President Trump has threatened 50% tariffs on the EU and 25% on iPhones, causing US and European stock markets to fall. Trade talks with the EU are reportedly ""going nowhere.""
- **TikTok deal**: Trump says a deal on TikTok's future in the US has been made, but it hasn't been confirmed by China or ByteDance.
- **Supreme Court rulings**: SCOTUS struck down restrictions on carrying guns on private property and cleared the way for Trump to revive immigration policies (ending protections for Haitians and Syrians).

### Middle East
- **Gaza conflict**: Hamas formally rejected an Israeli ceasefire offer, saying it wants a deal freeing all hostages in exchange for ending the war. Israeli forces also raided and shut down a major hospital in northern Gaza.
- **US-Iran tensions**: Trump said he's holding off on new strikes against Iran after discussions with Gulf allies, though pressure on Tehran continues.
- **Tony Blair talks**: The former UK PM is reportedly in discussions to run a transitional Gaza authority.

### Global
- **Venezuela earthquakes**: At least 164 people dead and 971 injured after twin powerful earthquakes struck the country.
- **US-China trade war**: The US laid out plans to hit Chinese ships with port fees, and China's neighbors are caught between the two superpowers.
- **Ukraine**: Russia and Ukraine took part in the biggest prisoner swap since the 2022 invasion, while Ukraine said an outline of a minerals deal with the US was signed.
- **Google monopoly**: A judge ruled Google has an illegal advertising monopoly—its second major antitrust loss.

### Business & Tech
- **Ola struggles**: India's EV pioneer faces falling sales amid rising competition and regulatory scrutiny.
- **Harvard**: A judge temporarily blocked Trump's plan to stop Harvard enrolling foreign students.

### Other Notable Stories
- **Venezuela quake survivor** pulled out alive after eight days.
- **Deportation controversy**: A US senator met a man mistakenly deported to El Salvador.
- **King Charles III** expected to reveal his personal tax bill.

---

Would you like me to dig deeper into any particular story or category (politics, business, sports, entertainment, etc.)?",18,China's neighbors are caught between the US and China.,[],[],15,Parametric Knowledge,Unknown,,,,,0.0,,False,,0.0,,False,False,False,True,"[{'url': 'https://edition.cnn.com/2026/08/23/world/video/22920342-pencecanadatrade-vrtc', 'domain': 'edition.cnn.com', 'title': 'Former VP Pence says trade war with Canada is ‘last thing we need right now’ | CNN', 'source_type': 'Retrieved', 'source_bucket': 'Retrieved Sources', 'source_content_chars': 375, 'judge_nli_label': 'neutral', 'judge_nli_score': 3.0, 'judge_nli_reasoning': ""The source content discusses the situation of Iranian women and the US-Iran war, which does not provide any information about China's neighbors or their relationship with the US and China."", 'judge_entailed': False, 'bert_nli_label': '', 'bert_nli_confidence': 0.0, 'bert_nli_reasoning': '', 'bert_entailed': False}, {'url': 'https://www.bbc.com/news?pStoreID=bizclubgold/gb-en/shop/tech-takes/best-laptops-for-data-science-and-data-analysis?pStoreID=bizclubgold/gb-en/shop/tech-takes/best-laptops-for-data-science-and-data-analysis?pStoreID=bizclubgold/gb-en/shop?pStoreID=bizclubgold/gb-en/shop?pStoreID=bizclubgold/gb-en/shop?pStoreID=bizclubgold/gb-en/shop/tech-takes/best-laptops-for-data-science-and-data-analysis?pStoreID=bizclubgold/gb-en/shop/tech-takes/best-laptops-for-data-science-and-data-analysis?pStoreID=bizclubgold/gb-en/shop?pStoreID=bizclubgold/gb-en/shop?pStoreID=bizclubgold/gb-en/shop/tech-takes/best-laptops-for-data-science-and-data-analysis?pStoreID=bizclubgold/gb-en/shop/tech-takes/best-laptops-for-data-science-and-data-analysis?pStoreID=bizclubgold/gb-en/shop?pStoreID=bizclubgold/gb-en/shop/tech-takes/best-laptops-for-data-science-and-data-analysis?pStoreID=bizclubgold/gb-en/shop/tech-takes/best-laptops-for-data-science-and-data-analysis?pStoreID=bizclubgold/gb-en/shop/tech-takes/best-laptops-for-data-science-and-data-analysis?pStoreID=bizclubgold/1000#1', 'domain': 'bbc.com', 'title': 'Home - BBC News - NewsNewsUS senator meets man mistakenly deported to El Salvador But Salvadoran President Bukele says Kilmar Ábrego García - who ...', 'source_type': 'Retrieved', 'source_bucket': 'Retrieved Sources', 'source_content_chars': 9163, 'judge_nli_label': 'neutral', 'judge_nli_score': 3.0, 'judge_nli_reasoning': ""The source content does not provide any information regarding China's neighbors or their relationship with the US and China, leaving the claim in the response chunk unsupported."", 'judge_entailed': False, 'bert_nli_label': '', 'bert_nli_confidence': 0.0, 'bert_nli_reasoning': '', 'bert_entailed': False}, {'url': 'https://www.bbc.com/news?pStoreID=intuit/gb-en/shop?pStoreID=intuit/gb-en/shop/offer.aspx?p=c-gaming-promotion,intuit/1000#1', 'domain': 'bbc.com', 'title': 'BBC News - Breaking news, video and the latest top stories from the U.S. and around the world - NewsNewsTrump threatens 50% tariffs on EU and 25% on iPhonesShares in the US and Europe fall after the US president says trade t...', 'source_type': 'Retrieved', 'source_bucket': 'Retrieved Sources', 'source_content_chars': 9163, 'judge_nli_label': 'neutral', 'judge_nli_score': 3.0, 'judge_nli_reasoning': ""The source content does not provide any information regarding China's neighbors or their relationship with the US and China, leaving the claim in the response chunk unsupported."", 'judge_entailed': False, 'bert_nli_label': '', 'bert_nli_confidence': 0.0, 'bert_nli_reasoning': '', 'bert_entailed': False}, {'url': 'https://images.thedailystar.net/news/world?page=20', 'domain': 'images.thedailystar.net', 'title': 'World | The Daily Star', 'source_type': 'Retrieved', 'source_bucket': 'Retrieved Sources', 'source_content_chars': 0, 'judge_nli_label': '', 'judge_nli_score': 0.0, 'judge_nli_reasoning': '', 'judge_entailed': False, 'bert_nli_label': '', 'bert_nli_confidence': 0.0, 'bert_nli_reasoning': '', 'bert_entailed': False}, {'url': 'https://www.postandcourier.com/nation-world/around-the-world-in-2-minutes/article_aaf11595-231f-4742-ba02-be7c92947176.html', 'domain': 'postandcourier.com', 'title': 'Around the world in 2 minutes', 'source_type': 'Retrieved', 'source_bucket': 'Retrieved Sources', 'source_content_chars': 0, 'judge_nli_label': '', 'judge_nli_score': 0.0, 'judge_nli_reasoning': '', 'judge_entailed': False, 'bert_nli_label': '', 'bert_nli_confidence': 0.0, 'bert_nli_reasoning': '', 'bert_entailed': False}, {'url': 'https://www.bbc.com/?t=16325#1', 'domain': 'bbc.com', 'title': ""BBC Home - Breaking News, World News, US News, Sports, Business, Innovation, Climate, Culture, Travel, Video & Audio - Comey indictment escalates Trump's promise of political retributionThe criminal case against Comey fulfils the president's desir..."", 'source_type': 'Retrieved', 'source_bucket': 'Retrieved Sources', 'source_content_chars': 222, 'judge_nli_label': 'neutral', 'judge_nli_score': 3.0, 'judge_nli_reasoning': ""The source content discusses films to watch and does not provide any information about China's neighbors or their geopolitical situation."", 'judge_entailed': False, 'bert_nli_label': '', 'bert_nli_confidence': 0.0, 'bert_nli_reasoning': '', 'bert_entailed': False}, {'url': 'https://abc7news.com/us-world/?userab=abcn_du_cat_topic_feature_holdout-474*variant_b_redesign-1939,abcn_popular_reads_exp-497*variant_a_control-2076,abcn_ad_cadence-481*control-a-1962,abcn_news_for_you_exp-496*variant_a_control-2074', 'domain': 'abc7news.com', 'title': 'U.S & World News | Breaking News & Video | ABC7 KGO-TV', 'source_type': 'Retrieved', 'source_bucket': 'Retrieved Sources', 'source_content_chars': 3428, 'judge_nli_label': 'neutral', 'judge_nli_score': 3.0, 'judge_nli_reasoning': ""The source content does not provide any information regarding China's neighbors or their relationship with the US and China, making it impossible to determine the truth of the response chunk."", 'judge_entailed': False, 'bert_nli_label': '', 'bert_nli_confidence': 0.0, 'bert_nli_reasoning': '', 'bert_entailed': False}, {'url': 'https://www.wistv.com:443/news/national/#1', 'domain': 'wistv.com:443', 'title': 'National - Skip to content', 'source_type': 'Retrieved', 'source_bucket': 'Retrieved Sources', 'source_content_chars': 15609, 'judge_nli_label': 'neutral', 'judge_nli_score': 3.0, 'judge_nli_reasoning': ""The source content does not provide any information regarding China's neighbors or their relationship with the US and China, making it impossible to determine the accuracy of the claim in the response chunk."", 'judge_entailed': False, 'bert_nli_label': '', 'bert_nli_confidence': 0.0, 'bert_nli_reasoning': '', 'bert_entailed': False}, {'url': 'https://www.thedailystar.net/news/world?archive=2013-12-17&page=2222#1', 'domain': 'thedailystar.net', 'title': 'World | The Daily Star - Russia pummels Kyiv as Zelensky heads to US', 'source_type': 'Retrieved', 'source_bucket': 'Retrieved Sources', 'source_content_chars': 218, 'judge_nli_label': 'neutral', 'judge_nli_score': 3.0, 'judge_nli_reasoning': ""The source content discusses global leadership and cooperation on various issues but does not mention China's neighbors or their position between the US and China."", 'judge_entailed': False, 'bert_nli_label': '', 'bert_nli_confidence': 0.0, 'bert_nli_reasoning': '', 'bert_entailed': False}, {'url': 'https://www.lbc.co.uk/?mi_u=9774b3a6e03343169181942884006342&mi_ecmp=evening(6pm)&utm_source=crm_LBC&utm_medium=email&utm_campaign=newsletter&utm_content=&mi_cmp=a112e7ce887fa34a~9732750~~~~~~&mi_sc=t#1', 'domain': 'lbc.co.uk', 'title': 'Latest Breaking UK and World News & Opinion | LBC - Nick Ferrari', 'source_type': 'Retrieved', 'source_bucket': 'Retrieved Sources', 'source_content_chars': 251, 'judge_nli_label': 'neutral', 'judge_nli_score': 3.0, 'judge_nli_reasoning': ""The source content discusses a tragic accident involving fatalities and does not provide any information about China's neighbors or their geopolitical situation."", 'judge_entailed': False, 'bert_nli_label': '', 'bert_nli_confidence': 0.0, 'bert_nli_reasoning': '', 'bert_entailed': False}, {'url': 'https://www.bbc.com/news?xtor=ES-208-[72329_NEWS_NLB_INT_WK18_THU_2_MAY.html]-20240502-[bbcnews_bbcnewsfooter_nogenre]#1', 'domain': 'bbc.com', 'title': 'BBC News - Breaking news, video and the latest top stories from the U.S. and around the world - NewsOn the Strait of Hormuz, BBC finds seized ships and shark fishermen as uneasy calm returnsThe BBC visits Bandar Abbas to see...', 'source_type': 'Retrieved', 'source_bucket': 'Retrieved Sources', 'source_content_chars': 9163, 'judge_nli_label': 'neutral', 'judge_nli_score': 3.0, 'judge_nli_reasoning': ""The source content does not provide any information regarding China's neighbors or their relationship with the US and China, leaving the claim in the response chunk unsupported."", 'judge_entailed': False, 'bert_nli_label': '', 'bert_nli_confidence': 0.0, 'bert_nli_reasoning': '', 'bert_entailed': False}, {'url': 'https://abcnews.go.com/?id=4318311&page=1', 'domain': 'abcnews.go.com', 'title': 'ABC News – Breaking News, Latest News and Videos', 'source_type': 'Retrieved', 'source_bucket': 'Retrieved Sources', 'source_content_chars': 11417, 'judge_nli_label': 'neutral', 'judge_nli_score': 3.0, 'judge_nli_reasoning': ""The source content does not provide any information regarding China's neighbors or their relationship with the US and China, making it impossible to determine the accuracy of the claim in the response chunk."", 'judge_entailed': False, 'bert_nli_label': '', 'bert_nli_confidence': 0.0, 'bert_nli_reasoning': '', 'bert_entailed': False}, {'url': 'https://www.kcrg.com/news/national/26-Victims-To-Get-597-Million-In-Penn-State-Abuse-Scandal-229578141.html#1', 'domain': 'kcrg.com', 'title': 'National News - Skip to content', 'source_type': 'Retrieved', 'source_bucket': 'Retrieved Sources', 'source_content_chars': 15453, 'judge_nli_label': 'neutral', 'judge_nli_score': 3.0, 'judge_nli_reasoning': ""The source content does not provide any information regarding China's neighbors or their relationship with the US and China, leaving the claim in the response chunk unsupported."", 'judge_entailed': False, 'bert_nli_label': '', 'bert_nli_confidence': 0.0, 'bert_nli_reasoning': '', 'bert_entailed': False}, {'url': 'https://www.yicai.com/news/102739578.html', 'domain': 'yicai.com', 'title': '泰国代理总理：需谨慎应对当前事态', 'source_type': 'Retrieved', 'source_bucket': 'Retrieved Sources', 'source_content_chars': 595, 'judge_nli_label': 'neutral', 'judge_nli_score': 3.0, 'judge_nli_reasoning': ""The source content discusses the cautious approach of Thailand's acting prime minister regarding current events but does not mention China's neighbors or their relationship with the US and China."", 'judge_entailed': False, 'bert_nli_label': '', 'bert_nli_confidence': 0.0, 'bert_nli_reasoning': '', 'bert_entailed': False}, {'url': 'https://www.aastocks.com/sc/mobile/news.aspx?newsid=GLH2627105L&newstype=61&newssource=GLH', 'domain': 'aastocks.com', 'title': '财经新闻 Financial News', 'source_type': 'Retrieved', 'source_bucket': 'Retrieved Sources', 'source_content_chars': 294, 'judge_nli_label': 'neutral', 'judge_nli_score': 3.0, 'judge_nli_reasoning': ""The source content does not provide any information regarding China's neighbors or their relationship with the US and China, making it impossible to determine the validity of the claim in the response chunk."", 'judge_entailed': False, 'bert_nli_label': '', 'bert_nli_confidence': 0.0, 'bert_nli_reasoning': '', 'bert_entailed': False}]"
0,deepseek-v4-flash,deepseek,auto,web::6a8712d5-bc24-83ed-a880-52106c9c8a40::aa46c3d4-d77f-41cd-922a-bda37bb6d346,0,6a8712d5-bc24-83ed-a880-52106c9c8a40,aa46c3d4-d77f-41cd-922a-bda37bb6d346,What are the News today?,"I'll search for today's news for you.
Based on my search of today's news, here's a summary of the top stories making headlines right now:

## 🌍 Top News Today

### US Politics & Legal
- **James Comey indicted**: The former FBI director has been indicted on two charges, which he says are politically motivated following pressure from Trump on prosecutors.
- **Trumps tariffs escalation**: President Trump has threatened 50% tariffs on the EU and 25% on iPhones, causing US and European stock markets to fall. Trade talks with the EU are reportedly ""going nowhere.""
- **TikTok deal**: Trump says a deal on TikTok's future in the US has been made, but it hasn't been confirmed by China or ByteDance.
- **Supreme Court rulings**: SCOTUS struck down restrictions on carrying guns on private property and cleared the way for Trump to revive immigration policies (ending protections for Haitians and Syrians).

### Middle East
- **Gaza conflict**: Hamas formally rejected an Israeli ceasefire offer, saying it wants a deal freeing all hostages in exchange for ending the war. Israeli forces also raided and shut down a major hospital in northern Gaza.
- **US-Iran tensions**: Trump said he's holding off on new strikes against Iran after discussions with Gulf allies, though pressure on Tehran continues.
- **Tony Blair talks**: The former UK PM is reportedly in discussions to run a transitional Gaza authority.

### Global
- **Venezuela earthquakes**: At least 164 people dead and 971 injured after twin powerful earthquakes struck the country.
- **US-China trade war**: The US laid out plans to hit Chinese ships with port fees, and China's neighbors are caught between the two superpowers.
- **Ukraine**: Russia and Ukraine took part in the biggest prisoner swap since the 2022 invasion, while Ukraine said an outline of a minerals deal with the US was signed.
- **Google monopoly**: A judge ruled Google has an illegal advertising monopoly—its second major antitrust loss.

### Business & Tech
- **Ola struggles**: India's EV pioneer faces falling sales amid rising competition and regulatory scrutiny.
- **Harvard**: A judge temporarily blocked Trump's plan to stop Harvard enrolling foreign students.

### Other Notable Stories
- **Venezuela quake survivor** pulled out alive after eight days.
- **Deportation controversy**: A US senator met a man mistakenly deported to El Salvador.
- **King Charles III** expected to reveal his personal tax bill.

---

Would you like me to dig deeper into any particular story or category (politics, business, sports, entertainment, etc.)?",19,Russia and Ukraine took part in the biggest prisoner swap since the 2022 invasion.,[],[],15,Parametric Knowledge,Unknown,,,,,0.0,,False,,0.0,,False,False,False,True,"[{'url': 'https://edition.cnn.com/2026/08/23/world/video/22920342-pencecanadatrade-vrtc', 'domain': 'edition.cnn.com', 'title': 'Former VP Pence says trade war with Canada is ‘last thing we need right now’ | CNN', 'source_type': 'Retrieved', 'source_bucket': 'Retrieved Sources', 'source_content_chars': 375, 'judge_nli_label': 'neutral', 'judge_nli_score': 3.0, 'judge_nli_reasoning': ""The source content discusses Iranian women's dress and protests, which is unrelated to the prisoner swap between Russia and Ukraine mentioned in the response chunk."", 'judge_entailed': False, 'bert_nli_label': '', 'bert_nli_confidence': 0.0, 'bert_nli_reasoning': '', 'bert_entailed': False}, {'url': 'https://www.bbc.com/news?pStoreID=bizclubgold/gb-en/shop/tech-takes/best-laptops-for-data-science-and-data-analysis?pStoreID=bizclubgold/gb-en/shop/tech-takes/best-laptops-for-data-science-and-data-analysis?pStoreID=bizclubgold/gb-en/shop?pStoreID=bizclubgold/gb-en/shop?pStoreID=bizclubgold/gb-en/shop?pStoreID=bizclubgold/gb-en/shop/tech-takes/best-laptops-for-data-science-and-data-analysis?pStoreID=bizclubgold/gb-en/shop/tech-takes/best-laptops-for-data-science-and-data-analysis?pStoreID=bizclubgold/gb-en/shop?pStoreID=bizclubgold/gb-en/shop?pStoreID=bizclubgold/gb-en/shop/tech-takes/best-laptops-for-data-science-and-data-analysis?pStoreID=bizclubgold/gb-en/shop/tech-takes/best-laptops-for-data-science-and-data-analysis?pStoreID=bizclubgold/gb-en/shop?pStoreID=bizclubgold/gb-en/shop/tech-takes/best-laptops-for-data-science-and-data-analysis?pStoreID=bizclubgold/gb-en/shop/tech-takes/best-laptops-for-data-science-and-data-analysis?pStoreID=bizclubgold/gb-en/shop/tech-takes/best-laptops-for-data-science-and-data-analysis?pStoreID=bizclubgold/1000#1', 'domain': 'bbc.com', 'title': 'Home - BBC News - NewsNewsUS senator meets man mistakenly deported to El Salvador But Salvadoran President Bukele says Kilmar Ábrego García - who ...', 'source_type': 'Retrieved', 'source_bucket': 'Retrieved Sources', 'source_content_chars': 9163, 'judge_nli_label': 'neutral', 'judge_nli_score': 3.0, 'judge_nli_reasoning': 'The source content does not mention anything about a prisoner swap between Russia and Ukraine, so it does not provide enough information to support or contradict the claim in the response chunk.', 'judge_entailed': False, 'bert_nli_label': '', 'bert_nli_confidence': 0.0, 'bert_nli_reasoning': '', 'bert_entailed': False}, {'url': 'https://www.bbc.com/news?pStoreID=intuit/gb-en/shop?pStoreID=intuit/gb-en/shop/offer.aspx?p=c-gaming-promotion,intuit/1000#1', 'domain': 'bbc.com', 'title': 'BBC News - Breaking news, video and the latest top stories from the U.S. and around the world - NewsNewsTrump threatens 50% tariffs on EU and 25% on iPhonesShares in the US and Europe fall after the US president says trade t...', 'source_type': 'Retrieved', 'source_bucket': 'Retrieved Sources', 'source_content_chars': 9163, 'judge_nli_label': 'neutral', 'judge_nli_score': 3.0, 'judge_nli_reasoning': 'The source content does not mention anything about a prisoner swap between Russia and Ukraine, so it does not provide enough information to support or contradict the response chunk.', 'judge_entailed': False, 'bert_nli_label': '', 'bert_nli_confidence': 0.0, 'bert_nli_reasoning': '', 'bert_entailed': False}, {'url': 'https://images.thedailystar.net/news/world?page=20', 'domain': 'images.thedailystar.net', 'title': 'World | The Daily Star', 'source_type': 'Retrieved', 'source_bucket': 'Retrieved Sources', 'source_content_chars': 0, 'judge_nli_label': '', 'judge_nli_score': 0.0, 'judge_nli_reasoning': '', 'judge_entailed': False, 'bert_nli_label': '', 'bert_nli_confidence': 0.0, 'bert_nli_reasoning': '', 'bert_entailed': False}, {'url': 'https://www.postandcourier.com/nation-world/around-the-world-in-2-minutes/article_aaf11595-231f-4742-ba02-be7c92947176.html', 'domain': 'postandcourier.com', 'title': 'Around the world in 2 minutes', 'source_type': 'Retrieved', 'source_bucket': 'Retrieved Sources', 'source_content_chars': 0, 'judge_nli_label': '', 'judge_nli_score': 0.0, 'judge_nli_reasoning': '', 'judge_entailed': False, 'bert_nli_label': '', 'bert_nli_confidence': 0.0, 'bert_nli_reasoning': '', 'bert_entailed': False}, {'url': 'https://www.bbc.com/?t=16325#1', 'domain': 'bbc.com', 'title': ""BBC Home - Breaking News, World News, US News, Sports, Business, Innovation, Climate, Culture, Travel, Video & Audio - Comey indictment escalates Trump's promise of political retributionThe criminal case against Comey fulfils the president's desir..."", 'source_type': 'Retrieved', 'source_bucket': 'Retrieved Sources', 'source_content_chars': 222, 'judge_nli_label': 'neutral', 'judge_nli_score': 3.0, 'judge_nli_reasoning': 'The source content discusses films to watch and does not provide any information about Russia, Ukraine, or a prisoner swap.', 'judge_entailed': False, 'bert_nli_label': '', 'bert_nli_confidence': 0.0, 'bert_nli_reasoning': '', 'bert_entailed': False}, {'url': 'https://abc7news.com/us-world/?userab=abcn_du_cat_topic_feature_holdout-474*variant_b_redesign-1939,abcn_popular_reads_exp-497*variant_a_control-2076,abcn_ad_cadence-481*control-a-1962,abcn_news_for_you_exp-496*variant_a_control-2074', 'domain': 'abc7news.com', 'title': 'U.S & World News | Breaking News & Video | ABC7 KGO-TV', 'source_type': 'Retrieved', 'source_bucket': 'Retrieved Sources', 'source_content_chars': 3428, 'judge_nli_label': 'neutral', 'judge_nli_score': 3.0, 'judge_nli_reasoning': 'The source content does not mention anything about a prisoner swap between Russia and Ukraine, so it does not provide enough information to support or contradict the response chunk.', 'judge_entailed': False, 'bert_nli_label': '', 'bert_nli_confidence': 0.0, 'bert_nli_reasoning': '', 'bert_entailed': False}, {'url': 'https://www.wistv.com:443/news/national/#1', 'domain': 'wistv.com:443', 'title': 'National - Skip to content', 'source_type': 'Retrieved', 'source_bucket': 'Retrieved Sources', 'source_content_chars': 15609, 'judge_nli_label': 'neutral', 'judge_nli_score': 3.0, 'judge_nli_reasoning': 'The source content does not mention anything about a prisoner swap between Russia and Ukraine, so it does not provide enough information to support or contradict the claim in the response chunk.', 'judge_entailed': False, 'bert_nli_label': '', 'bert_nli_confidence': 0.0, 'bert_nli_reasoning': '', 'bert_entailed': False}, {'url': 'https://www.thedailystar.net/news/world?archive=2013-12-17&page=2222#1', 'domain': 'thedailystar.net', 'title': 'World | The Daily Star - Russia pummels Kyiv as Zelensky heads to US', 'source_type': 'Retrieved', 'source_bucket': 'Retrieved Sources', 'source_content_chars': 218, 'judge_nli_label': 'neutral', 'judge_nli_score': 3.0, 'judge_nli_reasoning': ""The source content discusses Kofi Annan's views on global leadership and does not mention anything about Russia, Ukraine, or a prisoner swap."", 'judge_entailed': False, 'bert_nli_label': '', 'bert_nli_confidence': 0.0, 'bert_nli_reasoning': '', 'bert_entailed': False}, {'url': 'https://www.lbc.co.uk/?mi_u=9774b3a6e03343169181942884006342&mi_ecmp=evening(6pm)&utm_source=crm_LBC&utm_medium=email&utm_campaign=newsletter&utm_content=&mi_cmp=a112e7ce887fa34a~9732750~~~~~~&mi_sc=t#1', 'domain': 'lbc.co.uk', 'title': 'Latest Breaking UK and World News & Opinion | LBC - Nick Ferrari', 'source_type': 'Retrieved', 'source_bucket': 'Retrieved Sources', 'source_content_chars': 251, 'judge_nli_label': 'neutral', 'judge_nli_score': 3.0, 'judge_nli_reasoning': 'The source content discusses a car crash and does not provide any information about Russia, Ukraine, or a prisoner swap, making it impossible to determine a relationship with the response chunk.', 'judge_entailed': False, 'bert_nli_label': '', 'bert_nli_confidence': 0.0, 'bert_nli_reasoning': '', 'bert_entailed': False}, {'url': 'https://www.bbc.com/news?xtor=ES-208-[72329_NEWS_NLB_INT_WK18_THU_2_MAY.html]-20240502-[bbcnews_bbcnewsfooter_nogenre]#1', 'domain': 'bbc.com', 'title': 'BBC News - Breaking news, video and the latest top stories from the U.S. and around the world - NewsOn the Strait of Hormuz, BBC finds seized ships and shark fishermen as uneasy calm returnsThe BBC visits Bandar Abbas to see...', 'source_type': 'Retrieved', 'source_bucket': 'Retrieved Sources', 'source_content_chars': 9163, 'judge_nli_label': 'neutral', 'judge_nli_score': 3.0, 'judge_nli_reasoning': 'The source content does not mention anything about a prisoner swap between Russia and Ukraine, so it does not provide enough information to support or contradict the claim in the response chunk.', 'judge_entailed': False, 'bert_nli_label': '', 'bert_nli_confidence': 0.0, 'bert_nli_reasoning': '', 'bert_entailed': False}, {'url': 'https://abcnews.go.com/?id=4318311&page=1', 'domain': 'abcnews.go.com', 'title': 'ABC News – Breaking News, Latest News and Videos', 'source_type': 'Retrieved', 'source_bucket': 'Retrieved Sources', 'source_content_chars': 11417, 'judge_nli_label': 'neutral', 'judge_nli_score': 3.0, 'judge_nli_reasoning': 'The source content does not provide any information regarding a prisoner swap between Russia and Ukraine, so it cannot confirm or deny the claim made in the response chunk.', 'judge_entailed': False, 'bert_nli_label': '', 'bert_nli_confidence': 0.0, 'bert_nli_reasoning': '', 'bert_entailed': False}, {'url': 'https://www.kcrg.com/news/national/26-Victims-To-Get-597-Million-In-Penn-State-Abuse-Scandal-229578141.html#1', 'domain': 'kcrg.com', 'title': 'National News - Skip to content', 'source_type': 'Retrieved', 'source_bucket': 'Retrieved Sources', 'source_content_chars': 15453, 'judge_nli_label': 'neutral', 'judge_nli_score': 3.0, 'judge_nli_reasoning': 'The source content does not mention anything about a prisoner swap between Russia and Ukraine, so it does not provide enough information to support or contradict the response chunk.', 'judge_entailed': False, 'bert_nli_label': '', 'bert_nli_confidence': 0.0, 'bert_nli_reasoning': '', 'bert_entailed': False}, {'url': 'https://www.yicai.com/news/102739578.html', 'domain': 'yicai.com', 'title': '泰国代理总理：需谨慎应对当前事态', 'source_type': 'Retrieved', 'source_bucket': 'Retrieved Sources', 'source_content_chars': 595, 'judge_nli_label': 'neutral', 'judge_nli_score': 3.0, 'judge_nli_reasoning': 'The source content does not mention anything about Russia, Ukraine, or a prisoner swap, so it does not provide enough information to support or contradict the response chunk.', 'judge_entailed': False, 'bert_nli_label': '', 'bert_nli_confidence': 0.0, 'bert_nli_reasoning': '', 'bert_entailed': False}, {'url': 'https://www.aastocks.com/sc/mobile/news.aspx?newsid=GLH2627105L&newstype=61&newssource=GLH', 'domain': 'aastocks.com', 'title': '财经新闻 Financial News', 'source_type': 'Retrieved', 'source_bucket': 'Retrieved Sources', 'source_content_chars': 294, 'judge_nli_label': 'neutral', 'judge_nli_score': 3.0, 'judge_nli_reasoning': 'The source content does not provide any information regarding a prisoner swap between Russia and Ukraine, making it impossible to determine the truth of the response chunk.', 'judge_entailed': False, 'bert_nli_label': '', 'bert_nli_confidence': 0.0, 'bert_nli_reasoning': '', 'bert_entailed': False}]"
0,deepseek-v4-flash,deepseek,auto,web::6a8712d5-bc24-83ed-a880-52106c9c8a40::aa46c3d4-d77f-41cd-922a-bda37bb6d346,0,6a8712d5-bc24-83ed-a880-52106c9c8a40,aa46c3d4-d77f-41cd-922a-bda37bb6d346,What are the News today?,"I'll search for today's news for you.
Based on my search of today's news, here's a summary of the top stories making headlines right now:

## 🌍 Top News Today

### US Politics & Legal
- **James Comey indicted**: The former FBI director has been indicted on two charges, which he says are politically motivated following pressure from Trump on prosecutors.
- **Trumps tariffs escalation**: President Trump has threatened 50% tariffs on the EU and 25% on iPhones, causing US and European stock markets to fall. Trade talks with the EU are reportedly ""going nowhere.""
- **TikTok deal**: Trump says a deal on TikTok's future in the US has been made, but it hasn't been confirmed by China or ByteDance.
- **Supreme Court rulings**: SCOTUS struck down restrictions on carrying guns on private property and cleared the way for Trump to revive immigration policies (ending protections for Haitians and Syrians).

### Middle East
- **Gaza conflict**: Hamas formally rejected an Israeli ceasefire offer, saying it wants a deal freeing all hostages in exchange for ending the war. Israeli forces also raided and shut down a major hospital in northern Gaza.
- **US-Iran tensions**: Trump said he's holding off on new strikes against Iran after discussions with Gulf allies, though pressure on Tehran continues.
- **Tony Blair talks**: The former UK PM is reportedly in discussions to run a transitional Gaza authority.

### Global
- **Venezuela earthquakes**: At least 164 people dead and 971 injured after twin powerful earthquakes struck the country.
- **US-China trade war**: The US laid out plans to hit Chinese ships with port fees, and China's neighbors are caught between the two superpowers.
- **Ukraine**: Russia and Ukraine took part in the biggest prisoner swap since the 2022 invasion, while Ukraine said an outline of a minerals deal with the US was signed.
- **Google monopoly**: A judge ruled Google has an illegal advertising monopoly—its second major antitrust loss.

### Business & Tech
- **Ola struggles**: India's EV pioneer faces falling sales amid rising competition and regulatory scrutiny.
- **Harvard**: A judge temporarily blocked Trump's plan to stop Harvard enrolling foreign students.

### Other Notable Stories
- **Venezuela quake survivor** pulled out alive after eight days.
- **Deportation controversy**: A US senator met a man mistakenly deported to El Salvador.
- **King Charles III** expected to reveal his personal tax bill.

---

Would you like me to dig deeper into any particular story or category (politics, business, sports, entertainment, etc.)?",20,Ukraine said an outline of a minerals deal with the US was signed.,[],[],15,Parametric Knowledge,Unknown,,,,,0.0,,False,,0.0,,False,False,False,True,"[{'url': 'https://edition.cnn.com/2026/08/23/world/video/22920342-pencecanadatrade-vrtc', 'domain': 'edition.cnn.com', 'title': 'Former VP Pence says trade war with Canada is ‘last thing we need right now’ | CNN', 'source_type': 'Retrieved', 'source_bucket': 'Retrieved Sources', 'source_content_chars': 375, 'judge_nli_label': 'neutral', 'judge_nli_score': 3.0, 'judge_nli_reasoning': ""The source content discusses Iranian women's dress and protests, which is unrelated to Ukraine's minerals deal with the US mentioned in the response chunk."", 'judge_entailed': False, 'bert_nli_label': '', 'bert_nli_confidence': 0.0, 'bert_nli_reasoning': '', 'bert_entailed': False}, {'url': 'https://www.bbc.com/news?pStoreID=bizclubgold/gb-en/shop/tech-takes/best-laptops-for-data-science-and-data-analysis?pStoreID=bizclubgold/gb-en/shop/tech-takes/best-laptops-for-data-science-and-data-analysis?pStoreID=bizclubgold/gb-en/shop?pStoreID=bizclubgold/gb-en/shop?pStoreID=bizclubgold/gb-en/shop?pStoreID=bizclubgold/gb-en/shop/tech-takes/best-laptops-for-data-science-and-data-analysis?pStoreID=bizclubgold/gb-en/shop/tech-takes/best-laptops-for-data-science-and-data-analysis?pStoreID=bizclubgold/gb-en/shop?pStoreID=bizclubgold/gb-en/shop?pStoreID=bizclubgold/gb-en/shop/tech-takes/best-laptops-for-data-science-and-data-analysis?pStoreID=bizclubgold/gb-en/shop/tech-takes/best-laptops-for-data-science-and-data-analysis?pStoreID=bizclubgold/gb-en/shop?pStoreID=bizclubgold/gb-en/shop/tech-takes/best-laptops-for-data-science-and-data-analysis?pStoreID=bizclubgold/gb-en/shop/tech-takes/best-laptops-for-data-science-and-data-analysis?pStoreID=bizclubgold/gb-en/shop/tech-takes/best-laptops-for-data-science-and-data-analysis?pStoreID=bizclubgold/1000#1', 'domain': 'bbc.com', 'title': 'Home - BBC News - NewsNewsUS senator meets man mistakenly deported to El Salvador But Salvadoran President Bukele says Kilmar Ábrego García - who ...', 'source_type': 'Retrieved', 'source_bucket': 'Retrieved Sources', 'source_content_chars': 9163, 'judge_nli_label': 'neutral', 'judge_nli_score': 3.0, 'judge_nli_reasoning': 'The source content does not mention anything about Ukraine signing a minerals deal with the US, so it does not provide enough information to support or contradict the response chunk.', 'judge_entailed': False, 'bert_nli_label': '', 'bert_nli_confidence': 0.0, 'bert_nli_reasoning': '', 'bert_entailed': False}, {'url': 'https://www.bbc.com/news?pStoreID=intuit/gb-en/shop?pStoreID=intuit/gb-en/shop/offer.aspx?p=c-gaming-promotion,intuit/1000#1', 'domain': 'bbc.com', 'title': 'BBC News - Breaking news, video and the latest top stories from the U.S. and around the world - NewsNewsTrump threatens 50% tariffs on EU and 25% on iPhonesShares in the US and Europe fall after the US president says trade t...', 'source_type': 'Retrieved', 'source_bucket': 'Retrieved Sources', 'source_content_chars': 9163, 'judge_nli_label': 'neutral', 'judge_nli_score': 3.0, 'judge_nli_reasoning': 'The source content does not mention anything about Ukraine signing a minerals deal with the US, so it does not provide enough information to support or contradict the response chunk.', 'judge_entailed': False, 'bert_nli_label': '', 'bert_nli_confidence': 0.0, 'bert_nli_reasoning': '', 'bert_entailed': False}, {'url': 'https://images.thedailystar.net/news/world?page=20', 'domain': 'images.thedailystar.net', 'title': 'World | The Daily Star', 'source_type': 'Retrieved', 'source_bucket': 'Retrieved Sources', 'source_content_chars': 0, 'judge_nli_label': '', 'judge_nli_score': 0.0, 'judge_nli_reasoning': '', 'judge_entailed': False, 'bert_nli_label': '', 'bert_nli_confidence': 0.0, 'bert_nli_reasoning': '', 'bert_entailed': False}, {'url': 'https://www.postandcourier.com/nation-world/around-the-world-in-2-minutes/article_aaf11595-231f-4742-ba02-be7c92947176.html', 'domain': 'postandcourier.com', 'title': 'Around the world in 2 minutes', 'source_type': 'Retrieved', 'source_bucket': 'Retrieved Sources', 'source_content_chars': 0, 'judge_nli_label': '', 'judge_nli_score': 0.0, 'judge_nli_reasoning': '', 'judge_entailed': False, 'bert_nli_label': '', 'bert_nli_confidence': 0.0, 'bert_nli_reasoning': '', 'bert_entailed': False}, {'url': 'https://www.bbc.com/?t=16325#1', 'domain': 'bbc.com', 'title': ""BBC Home - Breaking News, World News, US News, Sports, Business, Innovation, Climate, Culture, Travel, Video & Audio - Comey indictment escalates Trump's promise of political retributionThe criminal case against Comey fulfils the president's desir..."", 'source_type': 'Retrieved', 'source_bucket': 'Retrieved Sources', 'source_content_chars': 222, 'judge_nli_label': 'neutral', 'judge_nli_score': 3.0, 'judge_nli_reasoning': 'The source content discusses films to watch and does not provide any information about Ukraine or a minerals deal with the US.', 'judge_entailed': False, 'bert_nli_label': '', 'bert_nli_confidence': 0.0, 'bert_nli_reasoning': '', 'bert_entailed': False}, {'url': 'https://abc7news.com/us-world/?userab=abcn_du_cat_topic_feature_holdout-474*variant_b_redesign-1939,abcn_popular_reads_exp-497*variant_a_control-2076,abcn_ad_cadence-481*control-a-1962,abcn_news_for_you_exp-496*variant_a_control-2074', 'domain': 'abc7news.com', 'title': 'U.S & World News | Breaking News & Video | ABC7 KGO-TV', 'source_type': 'Retrieved', 'source_bucket': 'Retrieved Sources', 'source_content_chars': 3428, 'judge_nli_label': 'neutral', 'judge_nli_score': 3.0, 'judge_nli_reasoning': 'The source content does not mention anything about Ukraine or a minerals deal with the US, so it does not provide enough information to support or contradict the response chunk.', 'judge_entailed': False, 'bert_nli_label': '', 'bert_nli_confidence': 0.0, 'bert_nli_reasoning': '', 'bert_entailed': False}, {'url': 'https://www.wistv.com:443/news/national/#1', 'domain': 'wistv.com:443', 'title': 'National - Skip to content', 'source_type': 'Retrieved', 'source_bucket': 'Retrieved Sources', 'source_content_chars': 15609, 'judge_nli_label': 'neutral', 'judge_nli_score': 3.0, 'judge_nli_reasoning': 'The source content does not mention anything about Ukraine or a minerals deal with the US, so it does not provide enough information to support or contradict the response chunk.', 'judge_entailed': False, 'bert_nli_label': '', 'bert_nli_confidence': 0.0, 'bert_nli_reasoning': '', 'bert_entailed': False}, {'url': 'https://www.thedailystar.net/news/world?archive=2013-12-17&page=2222#1', 'domain': 'thedailystar.net', 'title': 'World | The Daily Star - Russia pummels Kyiv as Zelensky heads to US', 'source_type': 'Retrieved', 'source_bucket': 'Retrieved Sources', 'source_content_chars': 218, 'judge_nli_label': 'neutral', 'judge_nli_score': 3.0, 'judge_nli_reasoning': ""The source content discusses Kofi Annan's views on global leadership and does not mention Ukraine or any minerals deal with the US, leaving the response chunk unsupported."", 'judge_entailed': False, 'bert_nli_label': '', 'bert_nli_confidence': 0.0, 'bert_nli_reasoning': '', 'bert_entailed': False}, {'url': 'https://www.lbc.co.uk/?mi_u=9774b3a6e03343169181942884006342&mi_ecmp=evening(6pm)&utm_source=crm_LBC&utm_medium=email&utm_campaign=newsletter&utm_content=&mi_cmp=a112e7ce887fa34a~9732750~~~~~~&mi_sc=t#1', 'domain': 'lbc.co.uk', 'title': 'Latest Breaking UK and World News & Opinion | LBC - Nick Ferrari', 'source_type': 'Retrieved', 'source_bucket': 'Retrieved Sources', 'source_content_chars': 251, 'judge_nli_label': 'neutral', 'judge_nli_score': 3.0, 'judge_nli_reasoning': 'The source content discusses a tragic accident and does not provide any information about Ukraine or a minerals deal with the US, making it impossible to determine a relationship.', 'judge_entailed': False, 'bert_nli_label': '', 'bert_nli_confidence': 0.0, 'bert_nli_reasoning': '', 'bert_entailed': False}, {'url': 'https://www.bbc.com/news?xtor=ES-208-[72329_NEWS_NLB_INT_WK18_THU_2_MAY.html]-20240502-[bbcnews_bbcnewsfooter_nogenre]#1', 'domain': 'bbc.com', 'title': 'BBC News - Breaking news, video and the latest top stories from the U.S. and around the world - NewsOn the Strait of Hormuz, BBC finds seized ships and shark fishermen as uneasy calm returnsThe BBC visits Bandar Abbas to see...', 'source_type': 'Retrieved', 'source_bucket': 'Retrieved Sources', 'source_content_chars': 9163, 'judge_nli_label': 'neutral', 'judge_nli_score': 3.0, 'judge_nli_reasoning': 'The source content does not mention anything about Ukraine signing a minerals deal with the US, so it does not provide enough information to support or contradict the response chunk.', 'judge_entailed': False, 'bert_nli_label': '', 'bert_nli_confidence': 0.0, 'bert_nli_reasoning': '', 'bert_entailed': False}, {'url': 'https://abcnews.go.com/?id=4318311&page=1', 'domain': 'abcnews.go.com', 'title': 'ABC News – Breaking News, Latest News and Videos', 'source_type': 'Retrieved', 'source_bucket': 'Retrieved Sources', 'source_content_chars': 11417, 'judge_nli_label': 'neutral', 'judge_nli_score': 3.0, 'judge_nli_reasoning': 'The source content does not provide any information regarding a minerals deal between Ukraine and the US, so it cannot confirm or deny the claim made in the response chunk.', 'judge_entailed': False, 'bert_nli_label': '', 'bert_nli_confidence': 0.0, 'bert_nli_reasoning': '', 'bert_entailed': False}, {'url': 'https://www.kcrg.com/news/national/26-Victims-To-Get-597-Million-In-Penn-State-Abuse-Scandal-229578141.html#1', 'domain': 'kcrg.com', 'title': 'National News - Skip to content', 'source_type': 'Retrieved', 'source_bucket': 'Retrieved Sources', 'source_content_chars': 15453, 'judge_nli_label': 'neutral', 'judge_nli_score': 3.0, 'judge_nli_reasoning': 'The source content does not mention anything about Ukraine or a minerals deal with the US, so it does not provide enough information to support or contradict the response chunk.', 'judge_entailed': False, 'bert_nli_label': '', 'bert_nli_confidence': 0.0, 'bert_nli_reasoning': '', 'bert_entailed': False}, {'url': 'https://www.yicai.com/news/102739578.html', 'domain': 'yicai.com', 'title': '泰国代理总理：需谨慎应对当前事态', 'source_type': 'Retrieved', 'source_bucket': 'Retrieved Sources', 'source_content_chars': 595, 'judge_nli_label': 'neutral', 'judge_nli_score': 3.0, 'judge_nli_reasoning': 'The source content discusses a statement from the Thai acting prime minister and does not mention Ukraine or any minerals deal with the US, providing no relevant information to support or contradict the response chunk.', 'judge_entailed': False, 'bert_nli_label': '', 'bert_nli_confidence': 0.0, 'bert_nli_reasoning': '', 'bert_entailed': False}, {'url': 'https://www.aastocks.com/sc/mobile/news.aspx?newsid=GLH2627105L&newstype=61&newssource=GLH', 'domain': 'aastocks.com', 'title': '财经新闻 Financial News', 'source_type': 'Retrieved', 'source_bucket': 'Retrieved Sources', 'source_content_chars': 294, 'judge_nli_label': 'neutral', 'judge_nli_score': 3.0, 'judge_nli_reasoning': 'The source content does not provide any information regarding a minerals deal between Ukraine and the US, nor does it contradict the claim made in the response chunk.', 'judge_entailed': False, 'bert_nli_label': '', 'bert_nli_confidence': 0.0, 'bert_nli_reasoning': '', 'bert_entailed': False}]"
0,deepseek-v4-flash,deepseek,auto,web::6a8712d5-bc24-83ed-a880-52106c9c8a40::aa46c3d4-d77f-41cd-922a-bda37bb6d346,0,6a8712d5-bc24-83ed-a880-52106c9c8a40,aa46c3d4-d77f-41cd-922a-bda37bb6d346,What are the News today?,"I'll search for today's news for you.
Based on my search of today's news, here's a summary of the top stories making headlines right now:

## 🌍 Top News Today

### US Politics & Legal
- **James Comey indicted**: The former FBI director has been indicted on two charges, which he says are politically motivated following pressure from Trump on prosecutors.
- **Trumps tariffs escalation**: President Trump has threatened 50% tariffs on the EU and 25% on iPhones, causing US and European stock markets to fall. Trade talks with the EU are reportedly ""going nowhere.""
- **TikTok deal**: Trump says a deal on TikTok's future in the US has been made, but it hasn't been confirmed by China or ByteDance.
- **Supreme Court rulings**: SCOTUS struck down restrictions on carrying guns on private property and cleared the way for Trump to revive immigration policies (ending protections for Haitians and Syrians).

### Middle East
- **Gaza conflict**: Hamas formally rejected an Israeli ceasefire offer, saying it wants a deal freeing all hostages in exchange for ending the war. Israeli forces also raided and shut down a major hospital in northern Gaza.
- **US-Iran tensions**: Trump said he's holding off on new strikes against Iran after discussions with Gulf allies, though pressure on Tehran continues.
- **Tony Blair talks**: The former UK PM is reportedly in discussions to run a transitional Gaza authority.

### Global
- **Venezuela earthquakes**: At least 164 people dead and 971 injured after twin powerful earthquakes struck the country.
- **US-China trade war**: The US laid out plans to hit Chinese ships with port fees, and China's neighbors are caught between the two superpowers.
- **Ukraine**: Russia and Ukraine took part in the biggest prisoner swap since the 2022 invasion, while Ukraine said an outline of a minerals deal with the US was signed.
- **Google monopoly**: A judge ruled Google has an illegal advertising monopoly—its second major antitrust loss.

### Business & Tech
- **Ola struggles**: India's EV pioneer faces falling sales amid rising competition and regulatory scrutiny.
- **Harvard**: A judge temporarily blocked Trump's plan to stop Harvard enrolling foreign students.

### Other Notable Stories
- **Venezuela quake survivor** pulled out alive after eight days.
- **Deportation controversy**: A US senator met a man mistakenly deported to El Salvador.
- **King Charles III** expected to reveal his personal tax bill.

---

Would you like me to dig deeper into any particular story or category (politics, business, sports, entertainment, etc.)?",21,A judge ruled that Google has an illegal advertising monopoly.,[],[],15,Parametric Knowledge,Unknown,,,,,0.0,,False,,0.0,,False,False,False,True,"[{'url': 'https://edition.cnn.com/2026/08/23/world/video/22920342-pencecanadatrade-vrtc', 'domain': 'edition.cnn.com', 'title': 'Former VP Pence says trade war with Canada is ‘last thing we need right now’ | CNN', 'source_type': 'Retrieved', 'source_bucket': 'Retrieved Sources', 'source_content_chars': 375, 'judge_nli_label': 'neutral', 'judge_nli_score': 3.0, 'judge_nli_reasoning': ""The source content discusses issues related to Iranian women's dress and social media, which is unrelated to the claim about a judge ruling on Google's advertising practices."", 'judge_entailed': False, 'bert_nli_label': '', 'bert_nli_confidence': 0.0, 'bert_nli_reasoning': '', 'bert_entailed': False}, {'url': 'https://www.bbc.com/news?pStoreID=bizclubgold/gb-en/shop/tech-takes/best-laptops-for-data-science-and-data-analysis?pStoreID=bizclubgold/gb-en/shop/tech-takes/best-laptops-for-data-science-and-data-analysis?pStoreID=bizclubgold/gb-en/shop?pStoreID=bizclubgold/gb-en/shop?pStoreID=bizclubgold/gb-en/shop?pStoreID=bizclubgold/gb-en/shop/tech-takes/best-laptops-for-data-science-and-data-analysis?pStoreID=bizclubgold/gb-en/shop/tech-takes/best-laptops-for-data-science-and-data-analysis?pStoreID=bizclubgold/gb-en/shop?pStoreID=bizclubgold/gb-en/shop?pStoreID=bizclubgold/gb-en/shop/tech-takes/best-laptops-for-data-science-and-data-analysis?pStoreID=bizclubgold/gb-en/shop/tech-takes/best-laptops-for-data-science-and-data-analysis?pStoreID=bizclubgold/gb-en/shop?pStoreID=bizclubgold/gb-en/shop/tech-takes/best-laptops-for-data-science-and-data-analysis?pStoreID=bizclubgold/gb-en/shop/tech-takes/best-laptops-for-data-science-and-data-analysis?pStoreID=bizclubgold/gb-en/shop/tech-takes/best-laptops-for-data-science-and-data-analysis?pStoreID=bizclubgold/1000#1', 'domain': 'bbc.com', 'title': 'Home - BBC News - NewsNewsUS senator meets man mistakenly deported to El Salvador But Salvadoran President Bukele says Kilmar Ábrego García - who ...', 'source_type': 'Retrieved', 'source_bucket': 'Retrieved Sources', 'source_content_chars': 9163, 'judge_nli_label': 'neutral', 'judge_nli_score': 3.0, 'judge_nli_reasoning': ""The source content does not mention anything about a judge ruling on Google's advertising practices, so it does not provide enough information to support or contradict the claim in the response chunk."", 'judge_entailed': False, 'bert_nli_label': '', 'bert_nli_confidence': 0.0, 'bert_nli_reasoning': '', 'bert_entailed': False}, {'url': 'https://www.bbc.com/news?pStoreID=intuit/gb-en/shop?pStoreID=intuit/gb-en/shop/offer.aspx?p=c-gaming-promotion,intuit/1000#1', 'domain': 'bbc.com', 'title': 'BBC News - Breaking news, video and the latest top stories from the U.S. and around the world - NewsNewsTrump threatens 50% tariffs on EU and 25% on iPhonesShares in the US and Europe fall after the US president says trade t...', 'source_type': 'Retrieved', 'source_bucket': 'Retrieved Sources', 'source_content_chars': 9163, 'judge_nli_label': 'neutral', 'judge_nli_score': 3.0, 'judge_nli_reasoning': ""The source content does not mention anything about a judge ruling on Google's advertising practices, so it does not provide enough information to support or contradict the claim in the response chunk."", 'judge_entailed': False, 'bert_nli_label': '', 'bert_nli_confidence': 0.0, 'bert_nli_reasoning': '', 'bert_entailed': False}, {'url': 'https://images.thedailystar.net/news/world?page=20', 'domain': 'images.thedailystar.net', 'title': 'World | The Daily Star', 'source_type': 'Retrieved', 'source_bucket': 'Retrieved Sources', 'source_content_chars': 0, 'judge_nli_label': '', 'judge_nli_score': 0.0, 'judge_nli_reasoning': '', 'judge_entailed': False, 'bert_nli_label': '', 'bert_nli_confidence': 0.0, 'bert_nli_reasoning': '', 'bert_entailed': False}, {'url': 'https://www.postandcourier.com/nation-world/around-the-world-in-2-minutes/article_aaf11595-231f-4742-ba02-be7c92947176.html', 'domain': 'postandcourier.com', 'title': 'Around the world in 2 minutes', 'source_type': 'Retrieved', 'source_bucket': 'Retrieved Sources', 'source_content_chars': 0, 'judge_nli_label': '', 'judge_nli_score': 0.0, 'judge_nli_reasoning': '', 'judge_entailed': False, 'bert_nli_label': '', 'bert_nli_confidence': 0.0, 'bert_nli_reasoning': '', 'bert_entailed': False}, {'url': 'https://www.bbc.com/?t=16325#1', 'domain': 'bbc.com', 'title': ""BBC Home - Breaking News, World News, US News, Sports, Business, Innovation, Climate, Culture, Travel, Video & Audio - Comey indictment escalates Trump's promise of political retributionThe criminal case against Comey fulfils the president's desir..."", 'source_type': 'Retrieved', 'source_bucket': 'Retrieved Sources', 'source_content_chars': 222, 'judge_nli_label': 'neutral', 'judge_nli_score': 3.0, 'judge_nli_reasoning': ""The source content discusses films to watch and does not provide any information about a judge's ruling on Google's advertising practices."", 'judge_entailed': False, 'bert_nli_label': '', 'bert_nli_confidence': 0.0, 'bert_nli_reasoning': '', 'bert_entailed': False}, {'url': 'https://abc7news.com/us-world/?userab=abcn_du_cat_topic_feature_holdout-474*variant_b_redesign-1939,abcn_popular_reads_exp-497*variant_a_control-2076,abcn_ad_cadence-481*control-a-1962,abcn_news_for_you_exp-496*variant_a_control-2074', 'domain': 'abc7news.com', 'title': 'U.S & World News | Breaking News & Video | ABC7 KGO-TV', 'source_type': 'Retrieved', 'source_bucket': 'Retrieved Sources', 'source_content_chars': 3428, 'judge_nli_label': 'neutral', 'judge_nli_score': 3.0, 'judge_nli_reasoning': ""The source content does not mention anything about a judge ruling on Google's advertising practices or any related legal matters, so it does not support or contradict the response chunk."", 'judge_entailed': False, 'bert_nli_label': '', 'bert_nli_confidence': 0.0, 'bert_nli_reasoning': '', 'bert_entailed': False}, {'url': 'https://www.wistv.com:443/news/national/#1', 'domain': 'wistv.com:443', 'title': 'National - Skip to content', 'source_type': 'Retrieved', 'source_bucket': 'Retrieved Sources', 'source_content_chars': 15609, 'judge_nli_label': 'neutral', 'judge_nli_score': 3.0, 'judge_nli_reasoning': ""The source content does not mention anything about a judge ruling on Google's advertising practices or a monopoly, so there is insufficient information to determine the truth of the claim in the response chunk."", 'judge_entailed': False, 'bert_nli_label': '', 'bert_nli_confidence': 0.0, 'bert_nli_reasoning': '', 'bert_entailed': False}, {'url': 'https://www.thedailystar.net/news/world?archive=2013-12-17&page=2222#1', 'domain': 'thedailystar.net', 'title': 'World | The Daily Star - Russia pummels Kyiv as Zelensky heads to US', 'source_type': 'Retrieved', 'source_bucket': 'Retrieved Sources', 'source_content_chars': 218, 'judge_nli_label': 'neutral', 'judge_nli_score': 3.0, 'judge_nli_reasoning': ""The source content discusses Kofi Annan's views on global leadership and does not mention anything about Google or advertising monopolies."", 'judge_entailed': False, 'bert_nli_label': '', 'bert_nli_confidence': 0.0, 'bert_nli_reasoning': '', 'bert_entailed': False}, {'url': 'https://www.lbc.co.uk/?mi_u=9774b3a6e03343169181942884006342&mi_ecmp=evening(6pm)&utm_source=crm_LBC&utm_medium=email&utm_campaign=newsletter&utm_content=&mi_cmp=a112e7ce887fa34a~9732750~~~~~~&mi_sc=t#1', 'domain': 'lbc.co.uk', 'title': 'Latest Breaking UK and World News & Opinion | LBC - Nick Ferrari', 'source_type': 'Retrieved', 'source_bucket': 'Retrieved Sources', 'source_content_chars': 251, 'judge_nli_label': 'neutral', 'judge_nli_score': 3.0, 'judge_nli_reasoning': 'The source content discusses a tragic accident involving fatalities and does not mention anything about Google or advertising monopolies, leaving the response chunk unsupported.', 'judge_entailed': False, 'bert_nli_label': '', 'bert_nli_confidence': 0.0, 'bert_nli_reasoning': '', 'bert_entailed': False}, {'url': 'https://www.bbc.com/news?xtor=ES-208-[72329_NEWS_NLB_INT_WK18_THU_2_MAY.html]-20240502-[bbcnews_bbcnewsfooter_nogenre]#1', 'domain': 'bbc.com', 'title': 'BBC News - Breaking news, video and the latest top stories from the U.S. and around the world - NewsOn the Strait of Hormuz, BBC finds seized ships and shark fishermen as uneasy calm returnsThe BBC visits Bandar Abbas to see...', 'source_type': 'Retrieved', 'source_bucket': 'Retrieved Sources', 'source_content_chars': 9163, 'judge_nli_label': 'neutral', 'judge_nli_score': 3.0, 'judge_nli_reasoning': ""The source content does not mention anything about a judge ruling on Google's advertising practices, so it does not provide enough information to support or contradict the claim in the response chunk."", 'judge_entailed': False, 'bert_nli_label': '', 'bert_nli_confidence': 0.0, 'bert_nli_reasoning': '', 'bert_entailed': False}, {'url': 'https://abcnews.go.com/?id=4318311&page=1', 'domain': 'abcnews.go.com', 'title': 'ABC News – Breaking News, Latest News and Videos', 'source_type': 'Retrieved', 'source_bucket': 'Retrieved Sources', 'source_content_chars': 11417, 'judge_nli_label': 'neutral', 'judge_nli_score': 3.0, 'judge_nli_reasoning': ""The source content does not provide any information regarding a judge ruling on Google's advertising practices or any claims of an illegal monopoly, making it impossible to determine the truth of the response chunk."", 'judge_entailed': False, 'bert_nli_label': '', 'bert_nli_confidence': 0.0, 'bert_nli_reasoning': '', 'bert_entailed': False}, {'url': 'https://www.kcrg.com/news/national/26-Victims-To-Get-597-Million-In-Penn-State-Abuse-Scandal-229578141.html#1', 'domain': 'kcrg.com', 'title': 'National News - Skip to content', 'source_type': 'Retrieved', 'source_bucket': 'Retrieved Sources', 'source_content_chars': 15453, 'judge_nli_label': 'neutral', 'judge_nli_score': 3.0, 'judge_nli_reasoning': ""The source content does not mention anything about a judge ruling on Google's advertising practices or any related monopoly, so there is not enough information to support or contradict the claim in the response chunk."", 'judge_entailed': False, 'bert_nli_label': '', 'bert_nli_confidence': 0.0, 'bert_nli_reasoning': '', 'bert_entailed': False}, {'url': 'https://www.yicai.com/news/102739578.html', 'domain': 'yicai.com', 'title': '泰国代理总理：需谨慎应对当前事态', 'source_type': 'Retrieved', 'source_bucket': 'Retrieved Sources', 'source_content_chars': 595, 'judge_nli_label': 'neutral', 'judge_nli_score': 2.0, 'judge_nli_reasoning': 'The source content discusses a statement from the Thai acting prime minister regarding current events and does not mention Google or any advertising monopoly, leaving the response chunk unsupported.', 'judge_entailed': False, 'bert_nli_label': '', 'bert_nli_confidence': 0.0, 'bert_nli_reasoning': '', 'bert_entailed': False}, {'url': 'https://www.aastocks.com/sc/mobile/news.aspx?newsid=GLH2627105L&newstype=61&newssource=GLH', 'domain': 'aastocks.com', 'title': '财经新闻 Financial News', 'source_type': 'Retrieved', 'source_bucket': 'Retrieved Sources', 'source_content_chars': 294, 'judge_nli_label': 'neutral', 'judge_nli_score': 3.0, 'judge_nli_reasoning': ""The source content does not provide any information regarding a judge's ruling on Google's advertising practices, making it impossible to determine the truth of the claim in the response chunk."", 'judge_entailed': False, 'bert_nli_label': '', 'bert_nli_confidence': 0.0, 'bert_nli_reasoning': '', 'bert_entailed': False}]"
0,deepseek-v4-flash,deepseek,auto,web::6a8712d5-bc24-83ed-a880-52106c9c8a40::aa46c3d4-d77f-41cd-922a-bda37bb6d346,0,6a8712d5-bc24-83ed-a880-52106c9c8a40,aa46c3d4-d77f-41cd-922a-bda37bb6d346,What are the News today?,"I'll search for today's news for you.
Based on my search of today's news, here's a summary of the top stories making headlines right now:

## 🌍 Top News Today

### US Politics & Legal
- **James Comey indicted**: The former FBI director has been indicted on two charges, which he says are politically motivated following pressure from Trump on prosecutors.
- **Trumps tariffs escalation**: President Trump has threatened 50% tariffs on the EU and 25% on iPhones, causing US and European stock markets to fall. Trade talks with the EU are reportedly ""going nowhere.""
- **TikTok deal**: Trump says a deal on TikTok's future in the US has been made, but it hasn't been confirmed by China or ByteDance.
- **Supreme Court rulings**: SCOTUS struck down restrictions on carrying guns on private property and cleared the way for Trump to revive immigration policies (ending protections for Haitians and Syrians).

### Middle East
- **Gaza conflict**: Hamas formally rejected an Israeli ceasefire offer, saying it wants a deal freeing all hostages in exchange for ending the war. Israeli forces also raided and shut down a major hospital in northern Gaza.
- **US-Iran tensions**: Trump said he's holding off on new strikes against Iran after discussions with Gulf allies, though pressure on Tehran continues.
- **Tony Blair talks**: The former UK PM is reportedly in discussions to run a transitional Gaza authority.

### Global
- **Venezuela earthquakes**: At least 164 people dead and 971 injured after twin powerful earthquakes struck the country.
- **US-China trade war**: The US laid out plans to hit Chinese ships with port fees, and China's neighbors are caught between the two superpowers.
- **Ukraine**: Russia and Ukraine took part in the biggest prisoner swap since the 2022 invasion, while Ukraine said an outline of a minerals deal with the US was signed.
- **Google monopoly**: A judge ruled Google has an illegal advertising monopoly—its second major antitrust loss.

### Business & Tech
- **Ola struggles**: India's EV pioneer faces falling sales amid rising competition and regulatory scrutiny.
- **Harvard**: A judge temporarily blocked Trump's plan to stop Harvard enrolling foreign students.

### Other Notable Stories
- **Venezuela quake survivor** pulled out alive after eight days.
- **Deportation controversy**: A US senator met a man mistakenly deported to El Salvador.
- **King Charles III** expected to reveal his personal tax bill.

---

Would you like me to dig deeper into any particular story or category (politics, business, sports, entertainment, etc.)?",22,This ruling is Google's second major antitrust loss.,[],[],15,Parametric Knowledge,Unknown,,,,,0.0,,False,,0.0,,False,False,False,True,"[{'url': 'https://edition.cnn.com/2026/08/23/world/video/22920342-pencecanadatrade-vrtc', 'domain': 'edition.cnn.com', 'title': 'Former VP Pence says trade war with Canada is ‘last thing we need right now’ | CNN', 'source_type': 'Retrieved', 'source_bucket': 'Retrieved Sources', 'source_content_chars': 375, 'judge_nli_label': 'neutral', 'judge_nli_score': 3.0, 'judge_nli_reasoning': ""The source content discusses issues related to Iranian women's dress and protests, which is unrelated to Google's antitrust rulings, thus providing no support or contradiction to the response chunk."", 'judge_entailed': False, 'bert_nli_label': '', 'bert_nli_confidence': 0.0, 'bert_nli_reasoning': '', 'bert_entailed': False}, {'url': 'https://www.bbc.com/news?pStoreID=bizclubgold/gb-en/shop/tech-takes/best-laptops-for-data-science-and-data-analysis?pStoreID=bizclubgold/gb-en/shop/tech-takes/best-laptops-for-data-science-and-data-analysis?pStoreID=bizclubgold/gb-en/shop?pStoreID=bizclubgold/gb-en/shop?pStoreID=bizclubgold/gb-en/shop?pStoreID=bizclubgold/gb-en/shop/tech-takes/best-laptops-for-data-science-and-data-analysis?pStoreID=bizclubgold/gb-en/shop/tech-takes/best-laptops-for-data-science-and-data-analysis?pStoreID=bizclubgold/gb-en/shop?pStoreID=bizclubgold/gb-en/shop?pStoreID=bizclubgold/gb-en/shop/tech-takes/best-laptops-for-data-science-and-data-analysis?pStoreID=bizclubgold/gb-en/shop/tech-takes/best-laptops-for-data-science-and-data-analysis?pStoreID=bizclubgold/gb-en/shop?pStoreID=bizclubgold/gb-en/shop/tech-takes/best-laptops-for-data-science-and-data-analysis?pStoreID=bizclubgold/gb-en/shop/tech-takes/best-laptops-for-data-science-and-data-analysis?pStoreID=bizclubgold/gb-en/shop/tech-takes/best-laptops-for-data-science-and-data-analysis?pStoreID=bizclubgold/1000#1', 'domain': 'bbc.com', 'title': 'Home - BBC News - NewsNewsUS senator meets man mistakenly deported to El Salvador But Salvadoran President Bukele says Kilmar Ábrego García - who ...', 'source_type': 'Retrieved', 'source_bucket': 'Retrieved Sources', 'source_content_chars': 9163, 'judge_nli_label': 'neutral', 'judge_nli_score': 3.0, 'judge_nli_reasoning': ""The source content does not provide any information regarding Google's antitrust rulings or losses, so it cannot confirm or deny the claim made in the response chunk."", 'judge_entailed': False, 'bert_nli_label': '', 'bert_nli_confidence': 0.0, 'bert_nli_reasoning': '', 'bert_entailed': False}, {'url': 'https://www.bbc.com/news?pStoreID=intuit/gb-en/shop?pStoreID=intuit/gb-en/shop/offer.aspx?p=c-gaming-promotion,intuit/1000#1', 'domain': 'bbc.com', 'title': 'BBC News - Breaking news, video and the latest top stories from the U.S. and around the world - NewsNewsTrump threatens 50% tariffs on EU and 25% on iPhonesShares in the US and Europe fall after the US president says trade t...', 'source_type': 'Retrieved', 'source_bucket': 'Retrieved Sources', 'source_content_chars': 9163, 'judge_nli_label': 'neutral', 'judge_nli_score': 3.0, 'judge_nli_reasoning': ""The source content does not provide any information regarding Google's antitrust rulings or losses, so it cannot confirm or deny the claim made in the response chunk."", 'judge_entailed': False, 'bert_nli_label': '', 'bert_nli_confidence': 0.0, 'bert_nli_reasoning': '', 'bert_entailed': False}, {'url': 'https://images.thedailystar.net/news/world?page=20', 'domain': 'images.thedailystar.net', 'title': 'World | The Daily Star', 'source_type': 'Retrieved', 'source_bucket': 'Retrieved Sources', 'source_content_chars': 0, 'judge_nli_label': '', 'judge_nli_score': 0.0, 'judge_nli_reasoning': '', 'judge_entailed': False, 'bert_nli_label': '', 'bert_nli_confidence': 0.0, 'bert_nli_reasoning': '', 'bert_entailed': False}, {'url': 'https://www.postandcourier.com/nation-world/around-the-world-in-2-minutes/article_aaf11595-231f-4742-ba02-be7c92947176.html', 'domain': 'postandcourier.com', 'title': 'Around the world in 2 minutes', 'source_type': 'Retrieved', 'source_bucket': 'Retrieved Sources', 'source_content_chars': 0, 'judge_nli_label': '', 'judge_nli_score': 0.0, 'judge_nli_reasoning': '', 'judge_entailed': False, 'bert_nli_label': '', 'bert_nli_confidence': 0.0, 'bert_nli_reasoning': '', 'bert_entailed': False}, {'url': 'https://www.bbc.com/?t=16325#1', 'domain': 'bbc.com', 'title': ""BBC Home - Breaking News, World News, US News, Sports, Business, Innovation, Climate, Culture, Travel, Video & Audio - Comey indictment escalates Trump's promise of political retributionThe criminal case against Comey fulfils the president's desir..."", 'source_type': 'Retrieved', 'source_bucket': 'Retrieved Sources', 'source_content_chars': 222, 'judge_nli_label': 'neutral', 'judge_nli_score': 3.0, 'judge_nli_reasoning': ""The source content discusses films to watch in September and does not provide any information about Google's antitrust rulings, making it impossible to determine a relationship."", 'judge_entailed': False, 'bert_nli_label': '', 'bert_nli_confidence': 0.0, 'bert_nli_reasoning': '', 'bert_entailed': False}, {'url': 'https://abc7news.com/us-world/?userab=abcn_du_cat_topic_feature_holdout-474*variant_b_redesign-1939,abcn_popular_reads_exp-497*variant_a_control-2076,abcn_ad_cadence-481*control-a-1962,abcn_news_for_you_exp-496*variant_a_control-2074', 'domain': 'abc7news.com', 'title': 'U.S & World News | Breaking News & Video | ABC7 KGO-TV', 'source_type': 'Retrieved', 'source_bucket': 'Retrieved Sources', 'source_content_chars': 3428, 'judge_nli_label': 'neutral', 'judge_nli_score': 3.0, 'judge_nli_reasoning': ""The source content does not mention anything about Google's antitrust losses, so it does not provide enough information to support or contradict the claim in the response chunk."", 'judge_entailed': False, 'bert_nli_label': '', 'bert_nli_confidence': 0.0, 'bert_nli_reasoning': '', 'bert_entailed': False}, {'url': 'https://www.wistv.com:443/news/national/#1', 'domain': 'wistv.com:443', 'title': 'National - Skip to content', 'source_type': 'Retrieved', 'source_bucket': 'Retrieved Sources', 'source_content_chars': 15609, 'judge_nli_label': 'neutral', 'judge_nli_score': 3.0, 'judge_nli_reasoning': ""The source content does not mention any rulings or antitrust cases related to Google, so it does not provide enough information to confirm or deny the claim about Google's antitrust loss."", 'judge_entailed': False, 'bert_nli_label': '', 'bert_nli_confidence': 0.0, 'bert_nli_reasoning': '', 'bert_entailed': False}, {'url': 'https://www.thedailystar.net/news/world?archive=2013-12-17&page=2222#1', 'domain': 'thedailystar.net', 'title': 'World | The Daily Star - Russia pummels Kyiv as Zelensky heads to US', 'source_type': 'Retrieved', 'source_bucket': 'Retrieved Sources', 'source_content_chars': 218, 'judge_nli_label': 'neutral', 'judge_nli_score': 3.0, 'judge_nli_reasoning': ""The source content discusses Kofi Annan's views on global leadership and does not mention Google or antitrust issues, making it impossible to determine the relationship with the response chunk."", 'judge_entailed': False, 'bert_nli_label': '', 'bert_nli_confidence': 0.0, 'bert_nli_reasoning': '', 'bert_entailed': False}, {'url': 'https://www.lbc.co.uk/?mi_u=9774b3a6e03343169181942884006342&mi_ecmp=evening(6pm)&utm_source=crm_LBC&utm_medium=email&utm_campaign=newsletter&utm_content=&mi_cmp=a112e7ce887fa34a~9732750~~~~~~&mi_sc=t#1', 'domain': 'lbc.co.uk', 'title': 'Latest Breaking UK and World News & Opinion | LBC - Nick Ferrari', 'source_type': 'Retrieved', 'source_bucket': 'Retrieved Sources', 'source_content_chars': 251, 'judge_nli_label': 'neutral', 'judge_nli_score': 3.0, 'judge_nli_reasoning': 'The source content discusses a tragic accident involving fatalities and does not mention Google or any antitrust issues, making it impossible to determine the relationship with the response chunk.', 'judge_entailed': False, 'bert_nli_label': '', 'bert_nli_confidence': 0.0, 'bert_nli_reasoning': '', 'bert_entailed': False}, {'url': 'https://www.bbc.com/news?xtor=ES-208-[72329_NEWS_NLB_INT_WK18_THU_2_MAY.html]-20240502-[bbcnews_bbcnewsfooter_nogenre]#1', 'domain': 'bbc.com', 'title': 'BBC News - Breaking news, video and the latest top stories from the U.S. and around the world - NewsOn the Strait of Hormuz, BBC finds seized ships and shark fishermen as uneasy calm returnsThe BBC visits Bandar Abbas to see...', 'source_type': 'Retrieved', 'source_bucket': 'Retrieved Sources', 'source_content_chars': 9163, 'judge_nli_label': 'neutral', 'judge_nli_score': 3.0, 'judge_nli_reasoning': ""The source content does not provide any information regarding Google's antitrust rulings or losses, so it cannot confirm or deny the claim made in the response chunk."", 'judge_entailed': False, 'bert_nli_label': '', 'bert_nli_confidence': 0.0, 'bert_nli_reasoning': '', 'bert_entailed': False}, {'url': 'https://abcnews.go.com/?id=4318311&page=1', 'domain': 'abcnews.go.com', 'title': 'ABC News – Breaking News, Latest News and Videos', 'source_type': 'Retrieved', 'source_bucket': 'Retrieved Sources', 'source_content_chars': 11417, 'judge_nli_label': 'neutral', 'judge_nli_score': 3.0, 'judge_nli_reasoning': ""The source content does not provide any information regarding Google's antitrust rulings or losses, so it cannot confirm or deny the claim made in the response chunk."", 'judge_entailed': False, 'bert_nli_label': '', 'bert_nli_confidence': 0.0, 'bert_nli_reasoning': '', 'bert_entailed': False}, {'url': 'https://www.kcrg.com/news/national/26-Victims-To-Get-597-Million-In-Penn-State-Abuse-Scandal-229578141.html#1', 'domain': 'kcrg.com', 'title': 'National News - Skip to content', 'source_type': 'Retrieved', 'source_bucket': 'Retrieved Sources', 'source_content_chars': 15453, 'judge_nli_label': 'neutral', 'judge_nli_score': 3.0, 'judge_nli_reasoning': ""The source content does not mention any rulings or antitrust cases related to Google, so it does not provide enough information to support or contradict the claim about Google's antitrust loss."", 'judge_entailed': False, 'bert_nli_label': '', 'bert_nli_confidence': 0.0, 'bert_nli_reasoning': '', 'bert_entailed': False}, {'url': 'https://www.yicai.com/news/102739578.html', 'domain': 'yicai.com', 'title': '泰国代理总理：需谨慎应对当前事态', 'source_type': 'Retrieved', 'source_bucket': 'Retrieved Sources', 'source_content_chars': 595, 'judge_nli_label': 'neutral', 'judge_nli_score': 3.0, 'judge_nli_reasoning': 'The source content discusses a statement by the Thai acting prime minister and does not mention Google or any antitrust issues, leaving the relationship between the response chunk and the source content unclear.', 'judge_entailed': False, 'bert_nli_label': '', 'bert_nli_confidence': 0.0, 'bert_nli_reasoning': '', 'bert_entailed': False}, {'url': 'https://www.aastocks.com/sc/mobile/news.aspx?newsid=GLH2627105L&newstype=61&newssource=GLH', 'domain': 'aastocks.com', 'title': '财经新闻 Financial News', 'source_type': 'Retrieved', 'source_bucket': 'Retrieved Sources', 'source_content_chars': 294, 'judge_nli_label': 'neutral', 'judge_nli_score': 3.0, 'judge_nli_reasoning': ""The source content does not provide any information regarding Google's antitrust rulings or losses, making it impossible to determine the accuracy of the response chunk."", 'judge_entailed': False, 'bert_nli_label': '', 'bert_nli_confidence': 0.0, 'bert_nli_reasoning': '', 'bert_entailed': False}]"
0,deepseek-v4-flash,deepseek,auto,web::6a8712d5-bc24-83ed-a880-52106c9c8a40::aa46c3d4-d77f-41cd-922a-bda37bb6d346,0,6a8712d5-bc24-83ed-a880-52106c9c8a40,aa46c3d4-d77f-41cd-922a-bda37bb6d346,What are the News today?,"I'll search for today's news for you.
Based on my search of today's news, here's a summary of the top stories making headlines right now:

## 🌍 Top News Today

### US Politics & Legal
- **James Comey indicted**: The former FBI director has been indicted on two charges, which he says are politically motivated following pressure from Trump on prosecutors.
- **Trumps tariffs escalation**: President Trump has threatened 50% tariffs on the EU and 25% on iPhones, causing US and European stock markets to fall. Trade talks with the EU are reportedly ""going nowhere.""
- **TikTok deal**: Trump says a deal on TikTok's future in the US has been made, but it hasn't been confirmed by China or ByteDance.
- **Supreme Court rulings**: SCOTUS struck down restrictions on carrying guns on private property and cleared the way for Trump to revive immigration policies (ending protections for Haitians and Syrians).

### Middle East
- **Gaza conflict**: Hamas formally rejected an Israeli ceasefire offer, saying it wants a deal freeing all hostages in exchange for ending the war. Israeli forces also raided and shut down a major hospital in northern Gaza.
- **US-Iran tensions**: Trump said he's holding off on new strikes against Iran after discussions with Gulf allies, though pressure on Tehran continues.
- **Tony Blair talks**: The former UK PM is reportedly in discussions to run a transitional Gaza authority.

### Global
- **Venezuela earthquakes**: At least 164 people dead and 971 injured after twin powerful earthquakes struck the country.
- **US-China trade war**: The US laid out plans to hit Chinese ships with port fees, and China's neighbors are caught between the two superpowers.
- **Ukraine**: Russia and Ukraine took part in the biggest prisoner swap since the 2022 invasion, while Ukraine said an outline of a minerals deal with the US was signed.
- **Google monopoly**: A judge ruled Google has an illegal advertising monopoly—its second major antitrust loss.

### Business & Tech
- **Ola struggles**: India's EV pioneer faces falling sales amid rising competition and regulatory scrutiny.
- **Harvard**: A judge temporarily blocked Trump's plan to stop Harvard enrolling foreign students.

### Other Notable Stories
- **Venezuela quake survivor** pulled out alive after eight days.
- **Deportation controversy**: A US senator met a man mistakenly deported to El Salvador.
- **King Charles III** expected to reveal his personal tax bill.

---

Would you like me to dig deeper into any particular story or category (politics, business, sports, entertainment, etc.)?",23,Ola is facing falling sales amid rising competition and regulatory scrutiny.,[],[],15,Parametric Knowledge,Unknown,,,,,0.0,,False,,0.0,,False,False,False,True,"[{'url': 'https://edition.cnn.com/2026/08/23/world/video/22920342-pencecanadatrade-vrtc', 'domain': 'edition.cnn.com', 'title': 'Former VP Pence says trade war with Canada is ‘last thing we need right now’ | CNN', 'source_type': 'Retrieved', 'source_bucket': 'Retrieved Sources', 'source_content_chars': 375, 'judge_nli_label': 'neutral', 'judge_nli_score': 3.0, 'judge_nli_reasoning': 'The source content discusses the situation of Iranian women and their dress code, while the response chunk mentions a company named Ola facing sales issues. There is no direct connection or information that supports or contradicts the claims in the response chunk.', 'judge_entailed': False, 'bert_nli_label': '', 'bert_nli_confidence': 0.0, 'bert_nli_reasoning': '', 'bert_entailed': False}, {'url': 'https://www.bbc.com/news?pStoreID=bizclubgold/gb-en/shop/tech-takes/best-laptops-for-data-science-and-data-analysis?pStoreID=bizclubgold/gb-en/shop/tech-takes/best-laptops-for-data-science-and-data-analysis?pStoreID=bizclubgold/gb-en/shop?pStoreID=bizclubgold/gb-en/shop?pStoreID=bizclubgold/gb-en/shop?pStoreID=bizclubgold/gb-en/shop/tech-takes/best-laptops-for-data-science-and-data-analysis?pStoreID=bizclubgold/gb-en/shop/tech-takes/best-laptops-for-data-science-and-data-analysis?pStoreID=bizclubgold/gb-en/shop?pStoreID=bizclubgold/gb-en/shop?pStoreID=bizclubgold/gb-en/shop/tech-takes/best-laptops-for-data-science-and-data-analysis?pStoreID=bizclubgold/gb-en/shop/tech-takes/best-laptops-for-data-science-and-data-analysis?pStoreID=bizclubgold/gb-en/shop?pStoreID=bizclubgold/gb-en/shop/tech-takes/best-laptops-for-data-science-and-data-analysis?pStoreID=bizclubgold/gb-en/shop/tech-takes/best-laptops-for-data-science-and-data-analysis?pStoreID=bizclubgold/gb-en/shop/tech-takes/best-laptops-for-data-science-and-data-analysis?pStoreID=bizclubgold/1000#1', 'domain': 'bbc.com', 'title': 'Home - BBC News - NewsNewsUS senator meets man mistakenly deported to El Salvador But Salvadoran President Bukele says Kilmar Ábrego García - who ...', 'source_type': 'Retrieved', 'source_bucket': 'Retrieved Sources', 'source_content_chars': 9163, 'judge_nli_label': 'neutral', 'judge_nli_score': 3.0, 'judge_nli_reasoning': ""The source content does not provide any information about Ola's sales, competition, or regulatory scrutiny, making it impossible to determine the truth of the claims in the response chunk."", 'judge_entailed': False, 'bert_nli_label': '', 'bert_nli_confidence': 0.0, 'bert_nli_reasoning': '', 'bert_entailed': False}, {'url': 'https://www.bbc.com/news?pStoreID=intuit/gb-en/shop?pStoreID=intuit/gb-en/shop/offer.aspx?p=c-gaming-promotion,intuit/1000#1', 'domain': 'bbc.com', 'title': 'BBC News - Breaking news, video and the latest top stories from the U.S. and around the world - NewsNewsTrump threatens 50% tariffs on EU and 25% on iPhonesShares in the US and Europe fall after the US president says trade t...', 'source_type': 'Retrieved', 'source_bucket': 'Retrieved Sources', 'source_content_chars': 9163, 'judge_nli_label': 'neutral', 'judge_nli_score': 3.0, 'judge_nli_reasoning': ""The source content does not provide any information about Ola's sales, competition, or regulatory scrutiny, making it impossible to determine the truth of the claims in the response chunk."", 'judge_entailed': False, 'bert_nli_label': '', 'bert_nli_confidence': 0.0, 'bert_nli_reasoning': '', 'bert_entailed': False}, {'url': 'https://images.thedailystar.net/news/world?page=20', 'domain': 'images.thedailystar.net', 'title': 'World | The Daily Star', 'source_type': 'Retrieved', 'source_bucket': 'Retrieved Sources', 'source_content_chars': 0, 'judge_nli_label': '', 'judge_nli_score': 0.0, 'judge_nli_reasoning': '', 'judge_entailed': False, 'bert_nli_label': '', 'bert_nli_confidence': 0.0, 'bert_nli_reasoning': '', 'bert_entailed': False}, {'url': 'https://www.postandcourier.com/nation-world/around-the-world-in-2-minutes/article_aaf11595-231f-4742-ba02-be7c92947176.html', 'domain': 'postandcourier.com', 'title': 'Around the world in 2 minutes', 'source_type': 'Retrieved', 'source_bucket': 'Retrieved Sources', 'source_content_chars': 0, 'judge_nli_label': '', 'judge_nli_score': 0.0, 'judge_nli_reasoning': '', 'judge_entailed': False, 'bert_nli_label': '', 'bert_nli_confidence': 0.0, 'bert_nli_reasoning': '', 'bert_entailed': False}, {'url': 'https://www.bbc.com/?t=16325#1', 'domain': 'bbc.com', 'title': ""BBC Home - Breaking News, World News, US News, Sports, Business, Innovation, Climate, Culture, Travel, Video & Audio - Comey indictment escalates Trump's promise of political retributionThe criminal case against Comey fulfils the president's desir..."", 'source_type': 'Retrieved', 'source_bucket': 'Retrieved Sources', 'source_content_chars': 222, 'judge_nli_label': 'neutral', 'judge_nli_score': 3.0, 'judge_nli_reasoning': 'The source content discusses films to watch and does not provide any information about Ola, sales, competition, or regulatory scrutiny.', 'judge_entailed': False, 'bert_nli_label': '', 'bert_nli_confidence': 0.0, 'bert_nli_reasoning': '', 'bert_entailed': False}, {'url': 'https://abc7news.com/us-world/?userab=abcn_du_cat_topic_feature_holdout-474*variant_b_redesign-1939,abcn_popular_reads_exp-497*variant_a_control-2076,abcn_ad_cadence-481*control-a-1962,abcn_news_for_you_exp-496*variant_a_control-2074', 'domain': 'abc7news.com', 'title': 'U.S & World News | Breaking News & Video | ABC7 KGO-TV', 'source_type': 'Retrieved', 'source_bucket': 'Retrieved Sources', 'source_content_chars': 3428, 'judge_nli_label': 'neutral', 'judge_nli_score': 3.0, 'judge_nli_reasoning': ""The source content does not provide any information regarding Ola's sales, competition, or regulatory scrutiny, making it impossible to determine the relationship with the response chunk."", 'judge_entailed': False, 'bert_nli_label': '', 'bert_nli_confidence': 0.0, 'bert_nli_reasoning': '', 'bert_entailed': False}, {'url': 'https://www.wistv.com:443/news/national/#1', 'domain': 'wistv.com:443', 'title': 'National - Skip to content', 'source_type': 'Retrieved', 'source_bucket': 'Retrieved Sources', 'source_content_chars': 15609, 'judge_nli_label': 'neutral', 'judge_nli_score': 3.0, 'judge_nli_reasoning': ""The source content does not provide any information about Ola's sales, competition, or regulatory scrutiny, making it impossible to determine the truth of the claims in the response chunk."", 'judge_entailed': False, 'bert_nli_label': '', 'bert_nli_confidence': 0.0, 'bert_nli_reasoning': '', 'bert_entailed': False}, {'url': 'https://www.thedailystar.net/news/world?archive=2013-12-17&page=2222#1', 'domain': 'thedailystar.net', 'title': 'World | The Daily Star - Russia pummels Kyiv as Zelensky heads to US', 'source_type': 'Retrieved', 'source_bucket': 'Retrieved Sources', 'source_content_chars': 218, 'judge_nli_label': 'neutral', 'judge_nli_score': 3.0, 'judge_nli_reasoning': ""The source content discusses global leadership and issues like terrorism, migration, and climate change, which does not provide any information about Ola's sales, competition, or regulatory scrutiny."", 'judge_entailed': False, 'bert_nli_label': '', 'bert_nli_confidence': 0.0, 'bert_nli_reasoning': '', 'bert_entailed': False}, {'url': 'https://www.lbc.co.uk/?mi_u=9774b3a6e03343169181942884006342&mi_ecmp=evening(6pm)&utm_source=crm_LBC&utm_medium=email&utm_campaign=newsletter&utm_content=&mi_cmp=a112e7ce887fa34a~9732750~~~~~~&mi_sc=t#1', 'domain': 'lbc.co.uk', 'title': 'Latest Breaking UK and World News & Opinion | LBC - Nick Ferrari', 'source_type': 'Retrieved', 'source_bucket': 'Retrieved Sources', 'source_content_chars': 251, 'judge_nli_label': 'neutral', 'judge_nli_score': 3.0, 'judge_nli_reasoning': 'The source content discusses a tragic accident involving fatalities and does not provide any information about Ola, sales, competition, or regulatory scrutiny.', 'judge_entailed': False, 'bert_nli_label': '', 'bert_nli_confidence': 0.0, 'bert_nli_reasoning': '', 'bert_entailed': False}, {'url': 'https://www.bbc.com/news?xtor=ES-208-[72329_NEWS_NLB_INT_WK18_THU_2_MAY.html]-20240502-[bbcnews_bbcnewsfooter_nogenre]#1', 'domain': 'bbc.com', 'title': 'BBC News - Breaking news, video and the latest top stories from the U.S. and around the world - NewsOn the Strait of Hormuz, BBC finds seized ships and shark fishermen as uneasy calm returnsThe BBC visits Bandar Abbas to see...', 'source_type': 'Retrieved', 'source_bucket': 'Retrieved Sources', 'source_content_chars': 9163, 'judge_nli_label': 'neutral', 'judge_nli_score': 3.0, 'judge_nli_reasoning': ""The source content does not provide any information about Ola's sales, competition, or regulatory scrutiny, so it cannot confirm or deny the claims made in the response chunk."", 'judge_entailed': False, 'bert_nli_label': '', 'bert_nli_confidence': 0.0, 'bert_nli_reasoning': '', 'bert_entailed': False}, {'url': 'https://abcnews.go.com/?id=4318311&page=1', 'domain': 'abcnews.go.com', 'title': 'ABC News – Breaking News, Latest News and Videos', 'source_type': 'Retrieved', 'source_bucket': 'Retrieved Sources', 'source_content_chars': 11417, 'judge_nli_label': 'neutral', 'judge_nli_score': 3.0, 'judge_nli_reasoning': ""The source content does not provide any information regarding Ola's sales, competition, or regulatory scrutiny, making it impossible to determine the truth of the claims in the response chunk."", 'judge_entailed': False, 'bert_nli_label': '', 'bert_nli_confidence': 0.0, 'bert_nli_reasoning': '', 'bert_entailed': False}, {'url': 'https://www.kcrg.com/news/national/26-Victims-To-Get-597-Million-In-Penn-State-Abuse-Scandal-229578141.html#1', 'domain': 'kcrg.com', 'title': 'National News - Skip to content', 'source_type': 'Retrieved', 'source_bucket': 'Retrieved Sources', 'source_content_chars': 15453, 'judge_nli_label': 'neutral', 'judge_nli_score': 3.0, 'judge_nli_reasoning': ""The source content does not provide any information about Ola's sales, competition, or regulatory scrutiny, making it impossible to determine the truth of the claims in the response chunk."", 'judge_entailed': False, 'bert_nli_label': '', 'bert_nli_confidence': 0.0, 'bert_nli_reasoning': '', 'bert_entailed': False}, {'url': 'https://www.yicai.com/news/102739578.html', 'domain': 'yicai.com', 'title': '泰国代理总理：需谨慎应对当前事态', 'source_type': 'Retrieved', 'source_bucket': 'Retrieved Sources', 'source_content_chars': 595, 'judge_nli_label': 'neutral', 'judge_nli_score': 3.0, 'judge_nli_reasoning': 'The source content discusses a cautious approach to current events in Thailand but does not provide any information about Ola, its sales, competition, or regulatory scrutiny.', 'judge_entailed': False, 'bert_nli_label': '', 'bert_nli_confidence': 0.0, 'bert_nli_reasoning': '', 'bert_entailed': False}, {'url': 'https://www.aastocks.com/sc/mobile/news.aspx?newsid=GLH2627105L&newstype=61&newssource=GLH', 'domain': 'aastocks.com', 'title': '财经新闻 Financial News', 'source_type': 'Retrieved', 'source_bucket': 'Retrieved Sources', 'source_content_chars': 294, 'judge_nli_label': 'neutral', 'judge_nli_score': 3.0, 'judge_nli_reasoning': ""The source content does not provide any information regarding Ola's sales, competition, or regulatory scrutiny, making it impossible to determine the relationship with the response chunk."", 'judge_entailed': False, 'bert_nli_label': '', 'bert_nli_confidence': 0.0, 'bert_nli_reasoning': '', 'bert_entailed': False}]"
0,deepseek-v4-flash,deepseek,auto,web::6a8712d5-bc24-83ed-a880-52106c9c8a40::aa46c3d4-d77f-41cd-922a-bda37bb6d346,0,6a8712d5-bc24-83ed-a880-52106c9c8a40,aa46c3d4-d77f-41cd-922a-bda37bb6d346,What are the News today?,"I'll search for today's news for you.
Based on my search of today's news, here's a summary of the top stories making headlines right now:

## 🌍 Top News Today

### US Politics & Legal
- **James Comey indicted**: The former FBI director has been indicted on two charges, which he says are politically motivated following pressure from Trump on prosecutors.
- **Trumps tariffs escalation**: President Trump has threatened 50% tariffs on the EU and 25% on iPhones, causing US and European stock markets to fall. Trade talks with the EU are reportedly ""going nowhere.""
- **TikTok deal**: Trump says a deal on TikTok's future in the US has been made, but it hasn't been confirmed by China or ByteDance.
- **Supreme Court rulings**: SCOTUS struck down restrictions on carrying guns on private property and cleared the way for Trump to revive immigration policies (ending protections for Haitians and Syrians).

### Middle East
- **Gaza conflict**: Hamas formally rejected an Israeli ceasefire offer, saying it wants a deal freeing all hostages in exchange for ending the war. Israeli forces also raided and shut down a major hospital in northern Gaza.
- **US-Iran tensions**: Trump said he's holding off on new strikes against Iran after discussions with Gulf allies, though pressure on Tehran continues.
- **Tony Blair talks**: The former UK PM is reportedly in discussions to run a transitional Gaza authority.

### Global
- **Venezuela earthquakes**: At least 164 people dead and 971 injured after twin powerful earthquakes struck the country.
- **US-China trade war**: The US laid out plans to hit Chinese ships with port fees, and China's neighbors are caught between the two superpowers.
- **Ukraine**: Russia and Ukraine took part in the biggest prisoner swap since the 2022 invasion, while Ukraine said an outline of a minerals deal with the US was signed.
- **Google monopoly**: A judge ruled Google has an illegal advertising monopoly—its second major antitrust loss.

### Business & Tech
- **Ola struggles**: India's EV pioneer faces falling sales amid rising competition and regulatory scrutiny.
- **Harvard**: A judge temporarily blocked Trump's plan to stop Harvard enrolling foreign students.

### Other Notable Stories
- **Venezuela quake survivor** pulled out alive after eight days.
- **Deportation controversy**: A US senator met a man mistakenly deported to El Salvador.
- **King Charles III** expected to reveal his personal tax bill.

---

Would you like me to dig deeper into any particular story or category (politics, business, sports, entertainment, etc.)?",24,A judge temporarily blocked Trump's plan to stop Harvard from enrolling foreign students.,[],[],15,Parametric Knowledge,Unknown,,,,,0.0,,False,,0.0,,False,False,False,True,"[{'url': 'https://edition.cnn.com/2026/08/23/world/video/22920342-pencecanadatrade-vrtc', 'domain': 'edition.cnn.com', 'title': 'Former VP Pence says trade war with Canada is ‘last thing we need right now’ | CNN', 'source_type': 'Retrieved', 'source_bucket': 'Retrieved Sources', 'source_content_chars': 375, 'judge_nli_label': 'neutral', 'judge_nli_score': 3.0, 'judge_nli_reasoning': ""The source content discusses Iranian women's dress and protests, which is unrelated to Trump's plan regarding Harvard and foreign students."", 'judge_entailed': False, 'bert_nli_label': '', 'bert_nli_confidence': 0.0, 'bert_nli_reasoning': '', 'bert_entailed': False}, {'url': 'https://www.bbc.com/news?pStoreID=bizclubgold/gb-en/shop/tech-takes/best-laptops-for-data-science-and-data-analysis?pStoreID=bizclubgold/gb-en/shop/tech-takes/best-laptops-for-data-science-and-data-analysis?pStoreID=bizclubgold/gb-en/shop?pStoreID=bizclubgold/gb-en/shop?pStoreID=bizclubgold/gb-en/shop?pStoreID=bizclubgold/gb-en/shop/tech-takes/best-laptops-for-data-science-and-data-analysis?pStoreID=bizclubgold/gb-en/shop/tech-takes/best-laptops-for-data-science-and-data-analysis?pStoreID=bizclubgold/gb-en/shop?pStoreID=bizclubgold/gb-en/shop?pStoreID=bizclubgold/gb-en/shop/tech-takes/best-laptops-for-data-science-and-data-analysis?pStoreID=bizclubgold/gb-en/shop/tech-takes/best-laptops-for-data-science-and-data-analysis?pStoreID=bizclubgold/gb-en/shop?pStoreID=bizclubgold/gb-en/shop/tech-takes/best-laptops-for-data-science-and-data-analysis?pStoreID=bizclubgold/gb-en/shop/tech-takes/best-laptops-for-data-science-and-data-analysis?pStoreID=bizclubgold/gb-en/shop/tech-takes/best-laptops-for-data-science-and-data-analysis?pStoreID=bizclubgold/1000#1', 'domain': 'bbc.com', 'title': 'Home - BBC News - NewsNewsUS senator meets man mistakenly deported to El Salvador But Salvadoran President Bukele says Kilmar Ábrego García - who ...', 'source_type': 'Retrieved', 'source_bucket': 'Retrieved Sources', 'source_content_chars': 9163, 'judge_nli_label': 'neutral', 'judge_nli_score': 3.0, 'judge_nli_reasoning': ""The source content does not provide any information regarding a judge blocking Trump's plan related to Harvard or foreign students, so it cannot confirm or deny the claim made in the response chunk."", 'judge_entailed': False, 'bert_nli_label': '', 'bert_nli_confidence': 0.0, 'bert_nli_reasoning': '', 'bert_entailed': False}, {'url': 'https://www.bbc.com/news?pStoreID=intuit/gb-en/shop?pStoreID=intuit/gb-en/shop/offer.aspx?p=c-gaming-promotion,intuit/1000#1', 'domain': 'bbc.com', 'title': 'BBC News - Breaking news, video and the latest top stories from the U.S. and around the world - NewsNewsTrump threatens 50% tariffs on EU and 25% on iPhonesShares in the US and Europe fall after the US president says trade t...', 'source_type': 'Retrieved', 'source_bucket': 'Retrieved Sources', 'source_content_chars': 9163, 'judge_nli_label': 'neutral', 'judge_nli_score': 3.0, 'judge_nli_reasoning': ""The source content does not provide any information regarding a judge blocking Trump's plan related to Harvard or foreign students, so it cannot confirm or deny the claim made in the response chunk."", 'judge_entailed': False, 'bert_nli_label': '', 'bert_nli_confidence': 0.0, 'bert_nli_reasoning': '', 'bert_entailed': False}, {'url': 'https://images.thedailystar.net/news/world?page=20', 'domain': 'images.thedailystar.net', 'title': 'World | The Daily Star', 'source_type': 'Retrieved', 'source_bucket': 'Retrieved Sources', 'source_content_chars': 0, 'judge_nli_label': '', 'judge_nli_score': 0.0, 'judge_nli_reasoning': '', 'judge_entailed': False, 'bert_nli_label': '', 'bert_nli_confidence': 0.0, 'bert_nli_reasoning': '', 'bert_entailed': False}, {'url': 'https://www.postandcourier.com/nation-world/around-the-world-in-2-minutes/article_aaf11595-231f-4742-ba02-be7c92947176.html', 'domain': 'postandcourier.com', 'title': 'Around the world in 2 minutes', 'source_type': 'Retrieved', 'source_bucket': 'Retrieved Sources', 'source_content_chars': 0, 'judge_nli_label': '', 'judge_nli_score': 0.0, 'judge_nli_reasoning': '', 'judge_entailed': False, 'bert_nli_label': '', 'bert_nli_confidence': 0.0, 'bert_nli_reasoning': '', 'bert_entailed': False}, {'url': 'https://www.bbc.com/?t=16325#1', 'domain': 'bbc.com', 'title': ""BBC Home - Breaking News, World News, US News, Sports, Business, Innovation, Climate, Culture, Travel, Video & Audio - Comey indictment escalates Trump's promise of political retributionThe criminal case against Comey fulfils the president's desir..."", 'source_type': 'Retrieved', 'source_bucket': 'Retrieved Sources', 'source_content_chars': 222, 'judge_nli_label': 'neutral', 'judge_nli_score': 3.0, 'judge_nli_reasoning': ""The source content discusses films to watch in September and does not provide any information related to Trump's plan or a judge's ruling, making it impossible to determine a relationship."", 'judge_entailed': False, 'bert_nli_label': '', 'bert_nli_confidence': 0.0, 'bert_nli_reasoning': '', 'bert_entailed': False}, {'url': 'https://abc7news.com/us-world/?userab=abcn_du_cat_topic_feature_holdout-474*variant_b_redesign-1939,abcn_popular_reads_exp-497*variant_a_control-2076,abcn_ad_cadence-481*control-a-1962,abcn_news_for_you_exp-496*variant_a_control-2074', 'domain': 'abc7news.com', 'title': 'U.S & World News | Breaking News & Video | ABC7 KGO-TV', 'source_type': 'Retrieved', 'source_bucket': 'Retrieved Sources', 'source_content_chars': 3428, 'judge_nli_label': 'neutral', 'judge_nli_score': 3.0, 'judge_nli_reasoning': ""The source content does not provide any information regarding a judge blocking Trump's plan related to Harvard or foreign students, making it impossible to determine the truth of the response chunk."", 'judge_entailed': False, 'bert_nli_label': '', 'bert_nli_confidence': 0.0, 'bert_nli_reasoning': '', 'bert_entailed': False}, {'url': 'https://www.wistv.com:443/news/national/#1', 'domain': 'wistv.com:443', 'title': 'National - Skip to content', 'source_type': 'Retrieved', 'source_bucket': 'Retrieved Sources', 'source_content_chars': 15609, 'judge_nli_label': 'neutral', 'judge_nli_score': 3.0, 'judge_nli_reasoning': ""The source content does not mention any judge blocking Trump's plan regarding Harvard or foreign students, so there is insufficient information to determine the accuracy of the response chunk."", 'judge_entailed': False, 'bert_nli_label': '', 'bert_nli_confidence': 0.0, 'bert_nli_reasoning': '', 'bert_entailed': False}, {'url': 'https://www.thedailystar.net/news/world?archive=2013-12-17&page=2222#1', 'domain': 'thedailystar.net', 'title': 'World | The Daily Star - Russia pummels Kyiv as Zelensky heads to US', 'source_type': 'Retrieved', 'source_bucket': 'Retrieved Sources', 'source_content_chars': 218, 'judge_nli_label': 'neutral', 'judge_nli_score': 3.0, 'judge_nli_reasoning': ""The source content discusses Kofi Annan's views on global leadership and does not mention Trump or his plans regarding Harvard or foreign students."", 'judge_entailed': False, 'bert_nli_label': '', 'bert_nli_confidence': 0.0, 'bert_nli_reasoning': '', 'bert_entailed': False}, {'url': 'https://www.lbc.co.uk/?mi_u=9774b3a6e03343169181942884006342&mi_ecmp=evening(6pm)&utm_source=crm_LBC&utm_medium=email&utm_campaign=newsletter&utm_content=&mi_cmp=a112e7ce887fa34a~9732750~~~~~~&mi_sc=t#1', 'domain': 'lbc.co.uk', 'title': 'Latest Breaking UK and World News & Opinion | LBC - Nick Ferrari', 'source_type': 'Retrieved', 'source_bucket': 'Retrieved Sources', 'source_content_chars': 251, 'judge_nli_label': 'neutral', 'judge_nli_score': 3.0, 'judge_nli_reasoning': 'The source content discusses a tragic accident involving fatalities and does not mention anything related to Trump, Harvard, or foreign students, making it impossible to determine a relationship with the response chunk.', 'judge_entailed': False, 'bert_nli_label': '', 'bert_nli_confidence': 0.0, 'bert_nli_reasoning': '', 'bert_entailed': False}, {'url': 'https://www.bbc.com/news?xtor=ES-208-[72329_NEWS_NLB_INT_WK18_THU_2_MAY.html]-20240502-[bbcnews_bbcnewsfooter_nogenre]#1', 'domain': 'bbc.com', 'title': 'BBC News - Breaking news, video and the latest top stories from the U.S. and around the world - NewsOn the Strait of Hormuz, BBC finds seized ships and shark fishermen as uneasy calm returnsThe BBC visits Bandar Abbas to see...', 'source_type': 'Retrieved', 'source_bucket': 'Retrieved Sources', 'source_content_chars': 9163, 'judge_nli_label': 'neutral', 'judge_nli_score': 3.0, 'judge_nli_reasoning': ""The source content does not provide any information regarding a judge blocking Trump's plan related to Harvard or foreign students, so it cannot confirm or deny the claim made in the response chunk."", 'judge_entailed': False, 'bert_nli_label': '', 'bert_nli_confidence': 0.0, 'bert_nli_reasoning': '', 'bert_entailed': False}, {'url': 'https://abcnews.go.com/?id=4318311&page=1', 'domain': 'abcnews.go.com', 'title': 'ABC News – Breaking News, Latest News and Videos', 'source_type': 'Retrieved', 'source_bucket': 'Retrieved Sources', 'source_content_chars': 11417, 'judge_nli_label': 'neutral', 'judge_nli_score': 3.0, 'judge_nli_reasoning': ""The source content does not provide any information regarding a judge blocking Trump's plan related to Harvard or foreign students, so it cannot confirm or deny the claim made in the response chunk."", 'judge_entailed': False, 'bert_nli_label': '', 'bert_nli_confidence': 0.0, 'bert_nli_reasoning': '', 'bert_entailed': False}, {'url': 'https://www.kcrg.com/news/national/26-Victims-To-Get-597-Million-In-Penn-State-Abuse-Scandal-229578141.html#1', 'domain': 'kcrg.com', 'title': 'National News - Skip to content', 'source_type': 'Retrieved', 'source_bucket': 'Retrieved Sources', 'source_content_chars': 15453, 'judge_nli_label': 'neutral', 'judge_nli_score': 3.0, 'judge_nli_reasoning': ""The source content does not mention anything about a judge blocking Trump's plan regarding Harvard or foreign students, so there is insufficient information to determine the accuracy of the response chunk."", 'judge_entailed': False, 'bert_nli_label': '', 'bert_nli_confidence': 0.0, 'bert_nli_reasoning': '', 'bert_entailed': False}, {'url': 'https://www.yicai.com/news/102739578.html', 'domain': 'yicai.com', 'title': '泰国代理总理：需谨慎应对当前事态', 'source_type': 'Retrieved', 'source_bucket': 'Retrieved Sources', 'source_content_chars': 595, 'judge_nli_label': 'neutral', 'judge_nli_score': 2.0, 'judge_nli_reasoning': ""The source content discusses a statement from the Thai acting prime minister and does not mention anything related to Trump or Harvard's enrollment of foreign students."", 'judge_entailed': False, 'bert_nli_label': '', 'bert_nli_confidence': 0.0, 'bert_nli_reasoning': '', 'bert_entailed': False}, {'url': 'https://www.aastocks.com/sc/mobile/news.aspx?newsid=GLH2627105L&newstype=61&newssource=GLH', 'domain': 'aastocks.com', 'title': '财经新闻 Financial News', 'source_type': 'Retrieved', 'source_bucket': 'Retrieved Sources', 'source_content_chars': 294, 'judge_nli_label': 'neutral', 'judge_nli_score': 3.0, 'judge_nli_reasoning': ""The source content does not provide any information regarding Trump's plan or any legal actions related to Harvard and foreign students, making it impossible to determine the relationship with the response chunk."", 'judge_entailed': False, 'bert_nli_label': '', 'bert_nli_confidence': 0.0, 'bert_nli_reasoning': '', 'bert_entailed': False}]"
0,deepseek-v4-flash,deepseek,auto,web::6a8712d5-bc24-83ed-a880-52106c9c8a40::aa46c3d4-d77f-41cd-922a-bda37bb6d346,0,6a8712d5-bc24-83ed-a880-52106c9c8a40,aa46c3d4-d77f-41cd-922a-bda37bb6d346,What are the News today?,"I'll search for today's news for you.
Based on my search of today's news, here's a summary of the top stories making headlines right now:

## 🌍 Top News Today

### US Politics & Legal
- **James Comey indicted**: The former FBI director has been indicted on two charges, which he says are politically motivated following pressure from Trump on prosecutors.
- **Trumps tariffs escalation**: President Trump has threatened 50% tariffs on the EU and 25% on iPhones, causing US and European stock markets to fall. Trade talks with the EU are reportedly ""going nowhere.""
- **TikTok deal**: Trump says a deal on TikTok's future in the US has been made, but it hasn't been confirmed by China or ByteDance.
- **Supreme Court rulings**: SCOTUS struck down restrictions on carrying guns on private property and cleared the way for Trump to revive immigration policies (ending protections for Haitians and Syrians).

### Middle East
- **Gaza conflict**: Hamas formally rejected an Israeli ceasefire offer, saying it wants a deal freeing all hostages in exchange for ending the war. Israeli forces also raided and shut down a major hospital in northern Gaza.
- **US-Iran tensions**: Trump said he's holding off on new strikes against Iran after discussions with Gulf allies, though pressure on Tehran continues.
- **Tony Blair talks**: The former UK PM is reportedly in discussions to run a transitional Gaza authority.

### Global
- **Venezuela earthquakes**: At least 164 people dead and 971 injured after twin powerful earthquakes struck the country.
- **US-China trade war**: The US laid out plans to hit Chinese ships with port fees, and China's neighbors are caught between the two superpowers.
- **Ukraine**: Russia and Ukraine took part in the biggest prisoner swap since the 2022 invasion, while Ukraine said an outline of a minerals deal with the US was signed.
- **Google monopoly**: A judge ruled Google has an illegal advertising monopoly—its second major antitrust loss.

### Business & Tech
- **Ola struggles**: India's EV pioneer faces falling sales amid rising competition and regulatory scrutiny.
- **Harvard**: A judge temporarily blocked Trump's plan to stop Harvard enrolling foreign students.

### Other Notable Stories
- **Venezuela quake survivor** pulled out alive after eight days.
- **Deportation controversy**: A US senator met a man mistakenly deported to El Salvador.
- **King Charles III** expected to reveal his personal tax bill.

---

Would you like me to dig deeper into any particular story or category (politics, business, sports, entertainment, etc.)?",25,A Venezuela quake survivor was pulled out alive after eight days.,[],[],15,Parametric Knowledge,Unknown,,,,,0.0,,False,,0.0,,False,False,False,True,"[{'url': 'https://edition.cnn.com/2026/08/23/world/video/22920342-pencecanadatrade-vrtc', 'domain': 'edition.cnn.com', 'title': 'Former VP Pence says trade war with Canada is ‘last thing we need right now’ | CNN', 'source_type': 'Retrieved', 'source_bucket': 'Retrieved Sources', 'source_content_chars': 375, 'judge_nli_label': 'neutral', 'judge_nli_score': 3.0, 'judge_nli_reasoning': 'The source content discusses issues related to Iranian women and protests, which does not provide any information about a Venezuela quake survivor or their rescue.', 'judge_entailed': False, 'bert_nli_label': '', 'bert_nli_confidence': 0.0, 'bert_nli_reasoning': '', 'bert_entailed': False}, {'url': 'https://www.bbc.com/news?pStoreID=bizclubgold/gb-en/shop/tech-takes/best-laptops-for-data-science-and-data-analysis?pStoreID=bizclubgold/gb-en/shop/tech-takes/best-laptops-for-data-science-and-data-analysis?pStoreID=bizclubgold/gb-en/shop?pStoreID=bizclubgold/gb-en/shop?pStoreID=bizclubgold/gb-en/shop?pStoreID=bizclubgold/gb-en/shop/tech-takes/best-laptops-for-data-science-and-data-analysis?pStoreID=bizclubgold/gb-en/shop/tech-takes/best-laptops-for-data-science-and-data-analysis?pStoreID=bizclubgold/gb-en/shop?pStoreID=bizclubgold/gb-en/shop?pStoreID=bizclubgold/gb-en/shop/tech-takes/best-laptops-for-data-science-and-data-analysis?pStoreID=bizclubgold/gb-en/shop/tech-takes/best-laptops-for-data-science-and-data-analysis?pStoreID=bizclubgold/gb-en/shop?pStoreID=bizclubgold/gb-en/shop/tech-takes/best-laptops-for-data-science-and-data-analysis?pStoreID=bizclubgold/gb-en/shop/tech-takes/best-laptops-for-data-science-and-data-analysis?pStoreID=bizclubgold/gb-en/shop/tech-takes/best-laptops-for-data-science-and-data-analysis?pStoreID=bizclubgold/1000#1', 'domain': 'bbc.com', 'title': 'Home - BBC News - NewsNewsUS senator meets man mistakenly deported to El Salvador But Salvadoran President Bukele says Kilmar Ábrego García - who ...', 'source_type': 'Retrieved', 'source_bucket': 'Retrieved Sources', 'source_content_chars': 9163, 'judge_nli_label': 'neutral', 'judge_nli_score': 3.0, 'judge_nli_reasoning': 'The source content does not provide any information about a Venezuela quake survivor being pulled out alive after eight days, so it cannot confirm or deny the claim in the response chunk.', 'judge_entailed': False, 'bert_nli_label': '', 'bert_nli_confidence': 0.0, 'bert_nli_reasoning': '', 'bert_entailed': False}, {'url': 'https://www.bbc.com/news?pStoreID=intuit/gb-en/shop?pStoreID=intuit/gb-en/shop/offer.aspx?p=c-gaming-promotion,intuit/1000#1', 'domain': 'bbc.com', 'title': 'BBC News - Breaking news, video and the latest top stories from the U.S. and around the world - NewsNewsTrump threatens 50% tariffs on EU and 25% on iPhonesShares in the US and Europe fall after the US president says trade t...', 'source_type': 'Retrieved', 'source_bucket': 'Retrieved Sources', 'source_content_chars': 9163, 'judge_nli_label': 'neutral', 'judge_nli_score': 3.0, 'judge_nli_reasoning': 'The source content does not provide any information about a Venezuela quake survivor being pulled out alive after eight days, so it cannot confirm or deny the claim in the response chunk.', 'judge_entailed': False, 'bert_nli_label': '', 'bert_nli_confidence': 0.0, 'bert_nli_reasoning': '', 'bert_entailed': False}, {'url': 'https://images.thedailystar.net/news/world?page=20', 'domain': 'images.thedailystar.net', 'title': 'World | The Daily Star', 'source_type': 'Retrieved', 'source_bucket': 'Retrieved Sources', 'source_content_chars': 0, 'judge_nli_label': '', 'judge_nli_score': 0.0, 'judge_nli_reasoning': '', 'judge_entailed': False, 'bert_nli_label': '', 'bert_nli_confidence': 0.0, 'bert_nli_reasoning': '', 'bert_entailed': False}, {'url': 'https://www.postandcourier.com/nation-world/around-the-world-in-2-minutes/article_aaf11595-231f-4742-ba02-be7c92947176.html', 'domain': 'postandcourier.com', 'title': 'Around the world in 2 minutes', 'source_type': 'Retrieved', 'source_bucket': 'Retrieved Sources', 'source_content_chars': 0, 'judge_nli_label': '', 'judge_nli_score': 0.0, 'judge_nli_reasoning': '', 'judge_entailed': False, 'bert_nli_label': '', 'bert_nli_confidence': 0.0, 'bert_nli_reasoning': '', 'bert_entailed': False}, {'url': 'https://www.bbc.com/?t=16325#1', 'domain': 'bbc.com', 'title': ""BBC Home - Breaking News, World News, US News, Sports, Business, Innovation, Climate, Culture, Travel, Video & Audio - Comey indictment escalates Trump's promise of political retributionThe criminal case against Comey fulfils the president's desir..."", 'source_type': 'Retrieved', 'source_bucket': 'Retrieved Sources', 'source_content_chars': 222, 'judge_nli_label': 'neutral', 'judge_nli_score': 3.0, 'judge_nli_reasoning': 'The source content discusses films to watch and does not provide any information about a Venezuela quake survivor or related events.', 'judge_entailed': False, 'bert_nli_label': '', 'bert_nli_confidence': 0.0, 'bert_nli_reasoning': '', 'bert_entailed': False}, {'url': 'https://abc7news.com/us-world/?userab=abcn_du_cat_topic_feature_holdout-474*variant_b_redesign-1939,abcn_popular_reads_exp-497*variant_a_control-2076,abcn_ad_cadence-481*control-a-1962,abcn_news_for_you_exp-496*variant_a_control-2074', 'domain': 'abc7news.com', 'title': 'U.S & World News | Breaking News & Video | ABC7 KGO-TV', 'source_type': 'Retrieved', 'source_bucket': 'Retrieved Sources', 'source_content_chars': 3428, 'judge_nli_label': 'neutral', 'judge_nli_score': 3.0, 'judge_nli_reasoning': 'The source content does not mention anything about a Venezuela quake survivor or any related events, so it does not provide enough information to support or contradict the response chunk.', 'judge_entailed': False, 'bert_nli_label': '', 'bert_nli_confidence': 0.0, 'bert_nli_reasoning': '', 'bert_entailed': False}, {'url': 'https://www.wistv.com:443/news/national/#1', 'domain': 'wistv.com:443', 'title': 'National - Skip to content', 'source_type': 'Retrieved', 'source_bucket': 'Retrieved Sources', 'source_content_chars': 15609, 'judge_nli_label': 'neutral', 'judge_nli_score': 3.0, 'judge_nli_reasoning': 'The source content does not mention anything about a Venezuela quake survivor or any related rescue, so it does not provide enough information to support or contradict the response chunk.', 'judge_entailed': False, 'bert_nli_label': '', 'bert_nli_confidence': 0.0, 'bert_nli_reasoning': '', 'bert_entailed': False}, {'url': 'https://www.thedailystar.net/news/world?archive=2013-12-17&page=2222#1', 'domain': 'thedailystar.net', 'title': 'World | The Daily Star - Russia pummels Kyiv as Zelensky heads to US', 'source_type': 'Retrieved', 'source_bucket': 'Retrieved Sources', 'source_content_chars': 218, 'judge_nli_label': 'neutral', 'judge_nli_score': 3.0, 'judge_nli_reasoning': ""The source content discusses Kofi Annan's views on global leadership and does not provide any information about a Venezuela quake survivor or any related events."", 'judge_entailed': False, 'bert_nli_label': '', 'bert_nli_confidence': 0.0, 'bert_nli_reasoning': '', 'bert_entailed': False}, {'url': 'https://www.lbc.co.uk/?mi_u=9774b3a6e03343169181942884006342&mi_ecmp=evening(6pm)&utm_source=crm_LBC&utm_medium=email&utm_campaign=newsletter&utm_content=&mi_cmp=a112e7ce887fa34a~9732750~~~~~~&mi_sc=t#1', 'domain': 'lbc.co.uk', 'title': 'Latest Breaking UK and World News & Opinion | LBC - Nick Ferrari', 'source_type': 'Retrieved', 'source_bucket': 'Retrieved Sources', 'source_content_chars': 251, 'judge_nli_label': 'neutral', 'judge_nli_score': 3.0, 'judge_nli_reasoning': 'The source content discusses a car crash and fatalities, which does not provide any information about a Venezuela quake survivor or their rescue.', 'judge_entailed': False, 'bert_nli_label': '', 'bert_nli_confidence': 0.0, 'bert_nli_reasoning': '', 'bert_entailed': False}, {'url': 'https://www.bbc.com/news?xtor=ES-208-[72329_NEWS_NLB_INT_WK18_THU_2_MAY.html]-20240502-[bbcnews_bbcnewsfooter_nogenre]#1', 'domain': 'bbc.com', 'title': 'BBC News - Breaking news, video and the latest top stories from the U.S. and around the world - NewsOn the Strait of Hormuz, BBC finds seized ships and shark fishermen as uneasy calm returnsThe BBC visits Bandar Abbas to see...', 'source_type': 'Retrieved', 'source_bucket': 'Retrieved Sources', 'source_content_chars': 9163, 'judge_nli_label': 'neutral', 'judge_nli_score': 3.0, 'judge_nli_reasoning': 'The source content does not provide any information about a Venezuela quake survivor being pulled out alive after eight days, so it cannot confirm or deny the claim in the response chunk.', 'judge_entailed': False, 'bert_nli_label': '', 'bert_nli_confidence': 0.0, 'bert_nli_reasoning': '', 'bert_entailed': False}, {'url': 'https://abcnews.go.com/?id=4318311&page=1', 'domain': 'abcnews.go.com', 'title': 'ABC News – Breaking News, Latest News and Videos', 'source_type': 'Retrieved', 'source_bucket': 'Retrieved Sources', 'source_content_chars': 11417, 'judge_nli_label': 'neutral', 'judge_nli_score': 3.0, 'judge_nli_reasoning': 'The source content does not provide any information about a Venezuela quake survivor being pulled out alive after eight days, so it cannot support or contradict the response chunk.', 'judge_entailed': False, 'bert_nli_label': '', 'bert_nli_confidence': 0.0, 'bert_nli_reasoning': '', 'bert_entailed': False}, {'url': 'https://www.kcrg.com/news/national/26-Victims-To-Get-597-Million-In-Penn-State-Abuse-Scandal-229578141.html#1', 'domain': 'kcrg.com', 'title': 'National News - Skip to content', 'source_type': 'Retrieved', 'source_bucket': 'Retrieved Sources', 'source_content_chars': 15453, 'judge_nli_label': 'neutral', 'judge_nli_score': 3.0, 'judge_nli_reasoning': 'The source content does not mention anything about a Venezuela quake survivor or any related events, so it does not provide enough information to support or contradict the response chunk.', 'judge_entailed': False, 'bert_nli_label': '', 'bert_nli_confidence': 0.0, 'bert_nli_reasoning': '', 'bert_entailed': False}, {'url': 'https://www.yicai.com/news/102739578.html', 'domain': 'yicai.com', 'title': '泰国代理总理：需谨慎应对当前事态', 'source_type': 'Retrieved', 'source_bucket': 'Retrieved Sources', 'source_content_chars': 595, 'judge_nli_label': 'neutral', 'judge_nli_score': 3.0, 'judge_nli_reasoning': 'The source content discusses a statement by the Thai acting prime minister and does not provide any information about a Venezuela quake survivor or any related events, making it impossible to determine a relationship with the response chunk.', 'judge_entailed': False, 'bert_nli_label': '', 'bert_nli_confidence': 0.0, 'bert_nli_reasoning': '', 'bert_entailed': False}, {'url': 'https://www.aastocks.com/sc/mobile/news.aspx?newsid=GLH2627105L&newstype=61&newssource=GLH', 'domain': 'aastocks.com', 'title': '财经新闻 Financial News', 'source_type': 'Retrieved', 'source_bucket': 'Retrieved Sources', 'source_content_chars': 294, 'judge_nli_label': 'neutral', 'judge_nli_score': 3.0, 'judge_nli_reasoning': 'The source content does not provide any information about a Venezuela quake survivor or any related events, making it impossible to determine the truth of the response chunk.', 'judge_entailed': False, 'bert_nli_label': '', 'bert_nli_confidence': 0.0, 'bert_nli_reasoning': '', 'bert_entailed': False}]"
0,deepseek-v4-flash,deepseek,auto,web::6a8712d5-bc24-83ed-a880-52106c9c8a40::aa46c3d4-d77f-41cd-922a-bda37bb6d346,0,6a8712d5-bc24-83ed-a880-52106c9c8a40,aa46c3d4-d77f-41cd-922a-bda37bb6d346,What are the News today?,"I'll search for today's news for you.
Based on my search of today's news, here's a summary of the top stories making headlines right now:

## 🌍 Top News Today

### US Politics & Legal
- **James Comey indicted**: The former FBI director has been indicted on two charges, which he says are politically motivated following pressure from Trump on prosecutors.
- **Trumps tariffs escalation**: President Trump has threatened 50% tariffs on the EU and 25% on iPhones, causing US and European stock markets to fall. Trade talks with the EU are reportedly ""going nowhere.""
- **TikTok deal**: Trump says a deal on TikTok's future in the US has been made, but it hasn't been confirmed by China or ByteDance.
- **Supreme Court rulings**: SCOTUS struck down restrictions on carrying guns on private property and cleared the way for Trump to revive immigration policies (ending protections for Haitians and Syrians).

### Middle East
- **Gaza conflict**: Hamas formally rejected an Israeli ceasefire offer, saying it wants a deal freeing all hostages in exchange for ending the war. Israeli forces also raided and shut down a major hospital in northern Gaza.
- **US-Iran tensions**: Trump said he's holding off on new strikes against Iran after discussions with Gulf allies, though pressure on Tehran continues.
- **Tony Blair talks**: The former UK PM is reportedly in discussions to run a transitional Gaza authority.

### Global
- **Venezuela earthquakes**: At least 164 people dead and 971 injured after twin powerful earthquakes struck the country.
- **US-China trade war**: The US laid out plans to hit Chinese ships with port fees, and China's neighbors are caught between the two superpowers.
- **Ukraine**: Russia and Ukraine took part in the biggest prisoner swap since the 2022 invasion, while Ukraine said an outline of a minerals deal with the US was signed.
- **Google monopoly**: A judge ruled Google has an illegal advertising monopoly—its second major antitrust loss.

### Business & Tech
- **Ola struggles**: India's EV pioneer faces falling sales amid rising competition and regulatory scrutiny.
- **Harvard**: A judge temporarily blocked Trump's plan to stop Harvard enrolling foreign students.

### Other Notable Stories
- **Venezuela quake survivor** pulled out alive after eight days.
- **Deportation controversy**: A US senator met a man mistakenly deported to El Salvador.
- **King Charles III** expected to reveal his personal tax bill.

---

Would you like me to dig deeper into any particular story or category (politics, business, sports, entertainment, etc.)?",26,A US senator met a man who was mistakenly deported to El Salvador.,[],[],15,Parametric Knowledge,Unknown,,,,,0.0,,False,,0.0,,False,False,False,True,"[{'url': 'https://edition.cnn.com/2026/08/23/world/video/22920342-pencecanadatrade-vrtc', 'domain': 'edition.cnn.com', 'title': 'Former VP Pence says trade war with Canada is ‘last thing we need right now’ | CNN', 'source_type': 'Retrieved', 'source_bucket': 'Retrieved Sources', 'source_content_chars': 375, 'judge_nli_label': 'neutral', 'judge_nli_score': 3.0, 'judge_nli_reasoning': ""The source content discusses Iranian women's dress and protests, which does not provide any information about a US senator or a man mistakenly deported to El Salvador."", 'judge_entailed': False, 'bert_nli_label': '', 'bert_nli_confidence': 0.0, 'bert_nli_reasoning': '', 'bert_entailed': False}, {'url': 'https://www.bbc.com/news?pStoreID=bizclubgold/gb-en/shop/tech-takes/best-laptops-for-data-science-and-data-analysis?pStoreID=bizclubgold/gb-en/shop/tech-takes/best-laptops-for-data-science-and-data-analysis?pStoreID=bizclubgold/gb-en/shop?pStoreID=bizclubgold/gb-en/shop?pStoreID=bizclubgold/gb-en/shop?pStoreID=bizclubgold/gb-en/shop/tech-takes/best-laptops-for-data-science-and-data-analysis?pStoreID=bizclubgold/gb-en/shop/tech-takes/best-laptops-for-data-science-and-data-analysis?pStoreID=bizclubgold/gb-en/shop?pStoreID=bizclubgold/gb-en/shop?pStoreID=bizclubgold/gb-en/shop/tech-takes/best-laptops-for-data-science-and-data-analysis?pStoreID=bizclubgold/gb-en/shop/tech-takes/best-laptops-for-data-science-and-data-analysis?pStoreID=bizclubgold/gb-en/shop?pStoreID=bizclubgold/gb-en/shop/tech-takes/best-laptops-for-data-science-and-data-analysis?pStoreID=bizclubgold/gb-en/shop/tech-takes/best-laptops-for-data-science-and-data-analysis?pStoreID=bizclubgold/gb-en/shop/tech-takes/best-laptops-for-data-science-and-data-analysis?pStoreID=bizclubgold/1000#1', 'domain': 'bbc.com', 'title': 'Home - BBC News - NewsNewsUS senator meets man mistakenly deported to El Salvador But Salvadoran President Bukele says Kilmar Ábrego García - who ...', 'source_type': 'Retrieved', 'source_bucket': 'Retrieved Sources', 'source_content_chars': 9163, 'judge_nli_label': 'neutral', 'judge_nli_score': 3.0, 'judge_nli_reasoning': 'The source content does not provide any information about a US senator meeting a man who was mistakenly deported to El Salvador, so it cannot confirm or deny the claim in the response chunk.', 'judge_entailed': False, 'bert_nli_label': '', 'bert_nli_confidence': 0.0, 'bert_nli_reasoning': '', 'bert_entailed': False}, {'url': 'https://www.bbc.com/news?pStoreID=intuit/gb-en/shop?pStoreID=intuit/gb-en/shop/offer.aspx?p=c-gaming-promotion,intuit/1000#1', 'domain': 'bbc.com', 'title': 'BBC News - Breaking news, video and the latest top stories from the U.S. and around the world - NewsNewsTrump threatens 50% tariffs on EU and 25% on iPhonesShares in the US and Europe fall after the US president says trade t...', 'source_type': 'Retrieved', 'source_bucket': 'Retrieved Sources', 'source_content_chars': 9163, 'judge_nli_label': 'neutral', 'judge_nli_score': 3.0, 'judge_nli_reasoning': 'The source content does not provide any information about a US senator meeting a man who was mistakenly deported to El Salvador, so it cannot confirm or deny the claim in the response chunk.', 'judge_entailed': False, 'bert_nli_label': '', 'bert_nli_confidence': 0.0, 'bert_nli_reasoning': '', 'bert_entailed': False}, {'url': 'https://images.thedailystar.net/news/world?page=20', 'domain': 'images.thedailystar.net', 'title': 'World | The Daily Star', 'source_type': 'Retrieved', 'source_bucket': 'Retrieved Sources', 'source_content_chars': 0, 'judge_nli_label': '', 'judge_nli_score': 0.0, 'judge_nli_reasoning': '', 'judge_entailed': False, 'bert_nli_label': '', 'bert_nli_confidence': 0.0, 'bert_nli_reasoning': '', 'bert_entailed': False}, {'url': 'https://www.postandcourier.com/nation-world/around-the-world-in-2-minutes/article_aaf11595-231f-4742-ba02-be7c92947176.html', 'domain': 'postandcourier.com', 'title': 'Around the world in 2 minutes', 'source_type': 'Retrieved', 'source_bucket': 'Retrieved Sources', 'source_content_chars': 0, 'judge_nli_label': '', 'judge_nli_score': 0.0, 'judge_nli_reasoning': '', 'judge_entailed': False, 'bert_nli_label': '', 'bert_nli_confidence': 0.0, 'bert_nli_reasoning': '', 'bert_entailed': False}, {'url': 'https://www.bbc.com/?t=16325#1', 'domain': 'bbc.com', 'title': ""BBC Home - Breaking News, World News, US News, Sports, Business, Innovation, Climate, Culture, Travel, Video & Audio - Comey indictment escalates Trump's promise of political retributionThe criminal case against Comey fulfils the president's desir..."", 'source_type': 'Retrieved', 'source_bucket': 'Retrieved Sources', 'source_content_chars': 222, 'judge_nli_label': 'neutral', 'judge_nli_score': 3.0, 'judge_nli_reasoning': 'The source content discusses films to watch and does not provide any information about a US senator or a man who was deported, making it impossible to determine a relationship.', 'judge_entailed': False, 'bert_nli_label': '', 'bert_nli_confidence': 0.0, 'bert_nli_reasoning': '', 'bert_entailed': False}, {'url': 'https://abc7news.com/us-world/?userab=abcn_du_cat_topic_feature_holdout-474*variant_b_redesign-1939,abcn_popular_reads_exp-497*variant_a_control-2076,abcn_ad_cadence-481*control-a-1962,abcn_news_for_you_exp-496*variant_a_control-2074', 'domain': 'abc7news.com', 'title': 'U.S & World News | Breaking News & Video | ABC7 KGO-TV', 'source_type': 'Retrieved', 'source_bucket': 'Retrieved Sources', 'source_content_chars': 3428, 'judge_nli_label': 'neutral', 'judge_nli_score': 3.0, 'judge_nli_reasoning': 'The source content does not provide any information about a US senator meeting a man who was mistakenly deported to El Salvador, making it impossible to determine the truth of the response chunk.', 'judge_entailed': False, 'bert_nli_label': '', 'bert_nli_confidence': 0.0, 'bert_nli_reasoning': '', 'bert_entailed': False}, {'url': 'https://www.wistv.com:443/news/national/#1', 'domain': 'wistv.com:443', 'title': 'National - Skip to content', 'source_type': 'Retrieved', 'source_bucket': 'Retrieved Sources', 'source_content_chars': 15609, 'judge_nli_label': 'neutral', 'judge_nli_score': 3.0, 'judge_nli_reasoning': 'The source content does not provide any information about a US senator meeting a man who was mistakenly deported to El Salvador, so it cannot be determined if the response chunk is true or false.', 'judge_entailed': False, 'bert_nli_label': '', 'bert_nli_confidence': 0.0, 'bert_nli_reasoning': '', 'bert_entailed': False}, {'url': 'https://www.thedailystar.net/news/world?archive=2013-12-17&page=2222#1', 'domain': 'thedailystar.net', 'title': 'World | The Daily Star - Russia pummels Kyiv as Zelensky heads to US', 'source_type': 'Retrieved', 'source_bucket': 'Retrieved Sources', 'source_content_chars': 218, 'judge_nli_label': 'neutral', 'judge_nli_score': 3.0, 'judge_nli_reasoning': ""The source content discusses Kofi Annan's views on global leadership and does not provide any information about a US senator or a man mistakenly deported to El Salvador."", 'judge_entailed': False, 'bert_nli_label': '', 'bert_nli_confidence': 0.0, 'bert_nli_reasoning': '', 'bert_entailed': False}, {'url': 'https://www.lbc.co.uk/?mi_u=9774b3a6e03343169181942884006342&mi_ecmp=evening(6pm)&utm_source=crm_LBC&utm_medium=email&utm_campaign=newsletter&utm_content=&mi_cmp=a112e7ce887fa34a~9732750~~~~~~&mi_sc=t#1', 'domain': 'lbc.co.uk', 'title': 'Latest Breaking UK and World News & Opinion | LBC - Nick Ferrari', 'source_type': 'Retrieved', 'source_bucket': 'Retrieved Sources', 'source_content_chars': 251, 'judge_nli_label': 'neutral', 'judge_nli_score': 3.0, 'judge_nli_reasoning': 'The source content discusses a tragic accident involving fatalities and does not provide any information about a US senator or a man who was mistakenly deported to El Salvador.', 'judge_entailed': False, 'bert_nli_label': '', 'bert_nli_confidence': 0.0, 'bert_nli_reasoning': '', 'bert_entailed': False}, {'url': 'https://www.bbc.com/news?xtor=ES-208-[72329_NEWS_NLB_INT_WK18_THU_2_MAY.html]-20240502-[bbcnews_bbcnewsfooter_nogenre]#1', 'domain': 'bbc.com', 'title': 'BBC News - Breaking news, video and the latest top stories from the U.S. and around the world - NewsOn the Strait of Hormuz, BBC finds seized ships and shark fishermen as uneasy calm returnsThe BBC visits Bandar Abbas to see...', 'source_type': 'Retrieved', 'source_bucket': 'Retrieved Sources', 'source_content_chars': 9163, 'judge_nli_label': 'neutral', 'judge_nli_score': 3.0, 'judge_nli_reasoning': 'The source content does not provide any information about a US senator meeting a man who was mistakenly deported to El Salvador, so it cannot support or contradict the response chunk.', 'judge_entailed': False, 'bert_nli_label': '', 'bert_nli_confidence': 0.0, 'bert_nli_reasoning': '', 'bert_entailed': False}, {'url': 'https://abcnews.go.com/?id=4318311&page=1', 'domain': 'abcnews.go.com', 'title': 'ABC News – Breaking News, Latest News and Videos', 'source_type': 'Retrieved', 'source_bucket': 'Retrieved Sources', 'source_content_chars': 11417, 'judge_nli_label': 'neutral', 'judge_nli_score': 3.0, 'judge_nli_reasoning': 'The source content does not provide any information about a US senator meeting a man who was mistakenly deported to El Salvador, so it cannot be confirmed or denied.', 'judge_entailed': False, 'bert_nli_label': '', 'bert_nli_confidence': 0.0, 'bert_nli_reasoning': '', 'bert_entailed': False}, {'url': 'https://www.kcrg.com/news/national/26-Victims-To-Get-597-Million-In-Penn-State-Abuse-Scandal-229578141.html#1', 'domain': 'kcrg.com', 'title': 'National News - Skip to content', 'source_type': 'Retrieved', 'source_bucket': 'Retrieved Sources', 'source_content_chars': 15453, 'judge_nli_label': 'neutral', 'judge_nli_score': 3.0, 'judge_nli_reasoning': 'The source content does not provide any information about a US senator meeting a man who was mistakenly deported to El Salvador, so it cannot be confirmed or denied.', 'judge_entailed': False, 'bert_nli_label': '', 'bert_nli_confidence': 0.0, 'bert_nli_reasoning': '', 'bert_entailed': False}, {'url': 'https://www.yicai.com/news/102739578.html', 'domain': 'yicai.com', 'title': '泰国代理总理：需谨慎应对当前事态', 'source_type': 'Retrieved', 'source_bucket': 'Retrieved Sources', 'source_content_chars': 595, 'judge_nli_label': 'neutral', 'judge_nli_score': 3.0, 'judge_nli_reasoning': ""The source content discusses a Thai deputy prime minister's comments on a current situation and does not mention anything about a US senator or a man deported to El Salvador, leaving the relationship between the response chunk and the source content unclear."", 'judge_entailed': False, 'bert_nli_label': '', 'bert_nli_confidence': 0.0, 'bert_nli_reasoning': '', 'bert_entailed': False}, {'url': 'https://www.aastocks.com/sc/mobile/news.aspx?newsid=GLH2627105L&newstype=61&newssource=GLH', 'domain': 'aastocks.com', 'title': '财经新闻 Financial News', 'source_type': 'Retrieved', 'source_bucket': 'Retrieved Sources', 'source_content_chars': 294, 'judge_nli_label': 'neutral', 'judge_nli_score': 3.0, 'judge_nli_reasoning': 'The source content does not provide any information about a US senator or a man who was mistakenly deported to El Salvador, making it impossible to determine a relationship with the response chunk.', 'judge_entailed': False, 'bert_nli_label': '', 'bert_nli_confidence': 0.0, 'bert_nli_reasoning': '', 'bert_entailed': False}]"
0,deepseek-v4-flash,deepseek,auto,web::6a8712d5-bc24-83ed-a880-52106c9c8a40::aa46c3d4-d77f-41cd-922a-bda37bb6d346,0,6a8712d5-bc24-83ed-a880-52106c9c8a40,aa46c3d4-d77f-41cd-922a-bda37bb6d346,What are the News today?,"I'll search for today's news for you.
Based on my search of today's news, here's a summary of the top stories making headlines right now:

## 🌍 Top News Today

### US Politics & Legal
- **James Comey indicted**: The former FBI director has been indicted on two charges, which he says are politically motivated following pressure from Trump on prosecutors.
- **Trumps tariffs escalation**: President Trump has threatened 50% tariffs on the EU and 25% on iPhones, causing US and European stock markets to fall. Trade talks with the EU are reportedly ""going nowhere.""
- **TikTok deal**: Trump says a deal on TikTok's future in the US has been made, but it hasn't been confirmed by China or ByteDance.
- **Supreme Court rulings**: SCOTUS struck down restrictions on carrying guns on private property and cleared the way for Trump to revive immigration policies (ending protections for Haitians and Syrians).

### Middle East
- **Gaza conflict**: Hamas formally rejected an Israeli ceasefire offer, saying it wants a deal freeing all hostages in exchange for ending the war. Israeli forces also raided and shut down a major hospital in northern Gaza.
- **US-Iran tensions**: Trump said he's holding off on new strikes against Iran after discussions with Gulf allies, though pressure on Tehran continues.
- **Tony Blair talks**: The former UK PM is reportedly in discussions to run a transitional Gaza authority.

### Global
- **Venezuela earthquakes**: At least 164 people dead and 971 injured after twin powerful earthquakes struck the country.
- **US-China trade war**: The US laid out plans to hit Chinese ships with port fees, and China's neighbors are caught between the two superpowers.
- **Ukraine**: Russia and Ukraine took part in the biggest prisoner swap since the 2022 invasion, while Ukraine said an outline of a minerals deal with the US was signed.
- **Google monopoly**: A judge ruled Google has an illegal advertising monopoly—its second major antitrust loss.

### Business & Tech
- **Ola struggles**: India's EV pioneer faces falling sales amid rising competition and regulatory scrutiny.
- **Harvard**: A judge temporarily blocked Trump's plan to stop Harvard enrolling foreign students.

### Other Notable Stories
- **Venezuela quake survivor** pulled out alive after eight days.
- **Deportation controversy**: A US senator met a man mistakenly deported to El Salvador.
- **King Charles III** expected to reveal his personal tax bill.

---

Would you like me to dig deeper into any particular story or category (politics, business, sports, entertainment, etc.)?",27,King Charles III is expected to reveal his personal tax bill.,[],[],15,Parametric Knowledge,Unknown,,,,,0.0,,False,,0.0,,False,False,False,True,"[{'url': 'https://edition.cnn.com/2026/08/23/world/video/22920342-pencecanadatrade-vrtc', 'domain': 'edition.cnn.com', 'title': 'Former VP Pence says trade war with Canada is ‘last thing we need right now’ | CNN', 'source_type': 'Retrieved', 'source_bucket': 'Retrieved Sources', 'source_content_chars': 375, 'judge_nli_label': 'neutral', 'judge_nli_score': 3.0, 'judge_nli_reasoning': ""The source content discusses Iranian women's dress and protests, which is unrelated to King Charles III's personal tax bill."", 'judge_entailed': False, 'bert_nli_label': '', 'bert_nli_confidence': 0.0, 'bert_nli_reasoning': '', 'bert_entailed': False}, {'url': 'https://www.bbc.com/news?pStoreID=bizclubgold/gb-en/shop/tech-takes/best-laptops-for-data-science-and-data-analysis?pStoreID=bizclubgold/gb-en/shop/tech-takes/best-laptops-for-data-science-and-data-analysis?pStoreID=bizclubgold/gb-en/shop?pStoreID=bizclubgold/gb-en/shop?pStoreID=bizclubgold/gb-en/shop?pStoreID=bizclubgold/gb-en/shop/tech-takes/best-laptops-for-data-science-and-data-analysis?pStoreID=bizclubgold/gb-en/shop/tech-takes/best-laptops-for-data-science-and-data-analysis?pStoreID=bizclubgold/gb-en/shop?pStoreID=bizclubgold/gb-en/shop?pStoreID=bizclubgold/gb-en/shop/tech-takes/best-laptops-for-data-science-and-data-analysis?pStoreID=bizclubgold/gb-en/shop/tech-takes/best-laptops-for-data-science-and-data-analysis?pStoreID=bizclubgold/gb-en/shop?pStoreID=bizclubgold/gb-en/shop/tech-takes/best-laptops-for-data-science-and-data-analysis?pStoreID=bizclubgold/gb-en/shop/tech-takes/best-laptops-for-data-science-and-data-analysis?pStoreID=bizclubgold/gb-en/shop/tech-takes/best-laptops-for-data-science-and-data-analysis?pStoreID=bizclubgold/1000#1', 'domain': 'bbc.com', 'title': 'Home - BBC News - NewsNewsUS senator meets man mistakenly deported to El Salvador But Salvadoran President Bukele says Kilmar Ábrego García - who ...', 'source_type': 'Retrieved', 'source_bucket': 'Retrieved Sources', 'source_content_chars': 9163, 'judge_nli_label': 'neutral', 'judge_nli_score': 3.0, 'judge_nli_reasoning': 'The source content does not provide any information regarding King Charles III revealing his personal tax bill, so it cannot be confirmed or denied.', 'judge_entailed': False, 'bert_nli_label': '', 'bert_nli_confidence': 0.0, 'bert_nli_reasoning': '', 'bert_entailed': False}, {'url': 'https://www.bbc.com/news?pStoreID=intuit/gb-en/shop?pStoreID=intuit/gb-en/shop/offer.aspx?p=c-gaming-promotion,intuit/1000#1', 'domain': 'bbc.com', 'title': 'BBC News - Breaking news, video and the latest top stories from the U.S. and around the world - NewsNewsTrump threatens 50% tariffs on EU and 25% on iPhonesShares in the US and Europe fall after the US president says trade t...', 'source_type': 'Retrieved', 'source_bucket': 'Retrieved Sources', 'source_content_chars': 9163, 'judge_nli_label': 'neutral', 'judge_nli_score': 3.0, 'judge_nli_reasoning': 'The source content does not provide any information regarding King Charles III revealing his personal tax bill, so it cannot be confirmed or denied.', 'judge_entailed': False, 'bert_nli_label': '', 'bert_nli_confidence': 0.0, 'bert_nli_reasoning': '', 'bert_entailed': False}, {'url': 'https://images.thedailystar.net/news/world?page=20', 'domain': 'images.thedailystar.net', 'title': 'World | The Daily Star', 'source_type': 'Retrieved', 'source_bucket': 'Retrieved Sources', 'source_content_chars': 0, 'judge_nli_label': '', 'judge_nli_score': 0.0, 'judge_nli_reasoning': '', 'judge_entailed': False, 'bert_nli_label': '', 'bert_nli_confidence': 0.0, 'bert_nli_reasoning': '', 'bert_entailed': False}, {'url': 'https://www.postandcourier.com/nation-world/around-the-world-in-2-minutes/article_aaf11595-231f-4742-ba02-be7c92947176.html', 'domain': 'postandcourier.com', 'title': 'Around the world in 2 minutes', 'source_type': 'Retrieved', 'source_bucket': 'Retrieved Sources', 'source_content_chars': 0, 'judge_nli_label': '', 'judge_nli_score': 0.0, 'judge_nli_reasoning': '', 'judge_entailed': False, 'bert_nli_label': '', 'bert_nli_confidence': 0.0, 'bert_nli_reasoning': '', 'bert_entailed': False}, {'url': 'https://www.bbc.com/?t=16325#1', 'domain': 'bbc.com', 'title': ""BBC Home - Breaking News, World News, US News, Sports, Business, Innovation, Climate, Culture, Travel, Video & Audio - Comey indictment escalates Trump's promise of political retributionThe criminal case against Comey fulfils the president's desir..."", 'source_type': 'Retrieved', 'source_bucket': 'Retrieved Sources', 'source_content_chars': 222, 'judge_nli_label': 'neutral', 'judge_nli_score': 3.0, 'judge_nli_reasoning': 'The source content discusses films to watch in September and does not provide any information about King Charles III or his tax bill.', 'judge_entailed': False, 'bert_nli_label': '', 'bert_nli_confidence': 0.0, 'bert_nli_reasoning': '', 'bert_entailed': False}, {'url': 'https://abc7news.com/us-world/?userab=abcn_du_cat_topic_feature_holdout-474*variant_b_redesign-1939,abcn_popular_reads_exp-497*variant_a_control-2076,abcn_ad_cadence-481*control-a-1962,abcn_news_for_you_exp-496*variant_a_control-2074', 'domain': 'abc7news.com', 'title': 'U.S & World News | Breaking News & Video | ABC7 KGO-TV', 'source_type': 'Retrieved', 'source_bucket': 'Retrieved Sources', 'source_content_chars': 3428, 'judge_nli_label': 'neutral', 'judge_nli_score': 3.0, 'judge_nli_reasoning': 'The source content does not mention King Charles III or any information related to his personal tax bill, so it does not support or contradict the response chunk.', 'judge_entailed': False, 'bert_nli_label': '', 'bert_nli_confidence': 0.0, 'bert_nli_reasoning': '', 'bert_entailed': False}, {'url': 'https://www.wistv.com:443/news/national/#1', 'domain': 'wistv.com:443', 'title': 'National - Skip to content', 'source_type': 'Retrieved', 'source_bucket': 'Retrieved Sources', 'source_content_chars': 15609, 'judge_nli_label': 'neutral', 'judge_nli_score': 3.0, 'judge_nli_reasoning': 'The source content does not mention King Charles III or any information regarding his personal tax bill, so it does not provide enough information to support or contradict the response chunk.', 'judge_entailed': False, 'bert_nli_label': '', 'bert_nli_confidence': 0.0, 'bert_nli_reasoning': '', 'bert_entailed': False}, {'url': 'https://www.thedailystar.net/news/world?archive=2013-12-17&page=2222#1', 'domain': 'thedailystar.net', 'title': 'World | The Daily Star - Russia pummels Kyiv as Zelensky heads to US', 'source_type': 'Retrieved', 'source_bucket': 'Retrieved Sources', 'source_content_chars': 218, 'judge_nli_label': 'neutral', 'judge_nli_score': 3.0, 'judge_nli_reasoning': ""The source content discusses Kofi Annan's views on global leadership and does not mention King Charles III or his tax bill, providing no relevant information to support or contradict the response chunk."", 'judge_entailed': False, 'bert_nli_label': '', 'bert_nli_confidence': 0.0, 'bert_nli_reasoning': '', 'bert_entailed': False}, {'url': 'https://www.lbc.co.uk/?mi_u=9774b3a6e03343169181942884006342&mi_ecmp=evening(6pm)&utm_source=crm_LBC&utm_medium=email&utm_campaign=newsletter&utm_content=&mi_cmp=a112e7ce887fa34a~9732750~~~~~~&mi_sc=t#1', 'domain': 'lbc.co.uk', 'title': 'Latest Breaking UK and World News & Opinion | LBC - Nick Ferrari', 'source_type': 'Retrieved', 'source_bucket': 'Retrieved Sources', 'source_content_chars': 251, 'judge_nli_label': 'neutral', 'judge_nli_score': 3.0, 'judge_nli_reasoning': 'The source content discusses a tragic accident and does not provide any information about King Charles III or his tax bill, making it impossible to determine a relationship.', 'judge_entailed': False, 'bert_nli_label': '', 'bert_nli_confidence': 0.0, 'bert_nli_reasoning': '', 'bert_entailed': False}, {'url': 'https://www.bbc.com/news?xtor=ES-208-[72329_NEWS_NLB_INT_WK18_THU_2_MAY.html]-20240502-[bbcnews_bbcnewsfooter_nogenre]#1', 'domain': 'bbc.com', 'title': 'BBC News - Breaking news, video and the latest top stories from the U.S. and around the world - NewsOn the Strait of Hormuz, BBC finds seized ships and shark fishermen as uneasy calm returnsThe BBC visits Bandar Abbas to see...', 'source_type': 'Retrieved', 'source_bucket': 'Retrieved Sources', 'source_content_chars': 9163, 'judge_nli_label': 'neutral', 'judge_nli_score': 3.0, 'judge_nli_reasoning': 'The source content does not provide any information regarding King Charles III revealing his personal tax bill, so it cannot be confirmed or denied.', 'judge_entailed': False, 'bert_nli_label': '', 'bert_nli_confidence': 0.0, 'bert_nli_reasoning': '', 'bert_entailed': False}, {'url': 'https://abcnews.go.com/?id=4318311&page=1', 'domain': 'abcnews.go.com', 'title': 'ABC News – Breaking News, Latest News and Videos', 'source_type': 'Retrieved', 'source_bucket': 'Retrieved Sources', 'source_content_chars': 11417, 'judge_nli_label': 'neutral', 'judge_nli_score': 3.0, 'judge_nli_reasoning': 'The source content does not provide any information regarding King Charles III revealing his personal tax bill, so it cannot be confirmed or denied.', 'judge_entailed': False, 'bert_nli_label': '', 'bert_nli_confidence': 0.0, 'bert_nli_reasoning': '', 'bert_entailed': False}, {'url': 'https://www.kcrg.com/news/national/26-Victims-To-Get-597-Million-In-Penn-State-Abuse-Scandal-229578141.html#1', 'domain': 'kcrg.com', 'title': 'National News - Skip to content', 'source_type': 'Retrieved', 'source_bucket': 'Retrieved Sources', 'source_content_chars': 15453, 'judge_nli_label': 'neutral', 'judge_nli_score': 3.0, 'judge_nli_reasoning': 'The source content does not mention King Charles III or any information regarding his personal tax bill, so it does not provide enough information to support or contradict the response chunk.', 'judge_entailed': False, 'bert_nli_label': '', 'bert_nli_confidence': 0.0, 'bert_nli_reasoning': '', 'bert_entailed': False}, {'url': 'https://www.yicai.com/news/102739578.html', 'domain': 'yicai.com', 'title': '泰国代理总理：需谨慎应对当前事态', 'source_type': 'Retrieved', 'source_bucket': 'Retrieved Sources', 'source_content_chars': 595, 'judge_nli_label': 'neutral', 'judge_nli_score': 3.0, 'judge_nli_reasoning': 'The source content discusses a statement from the Thai acting prime minister and does not mention King Charles III or his tax bill, providing no relevant information to support or contradict the response chunk.', 'judge_entailed': False, 'bert_nli_label': '', 'bert_nli_confidence': 0.0, 'bert_nli_reasoning': '', 'bert_entailed': False}, {'url': 'https://www.aastocks.com/sc/mobile/news.aspx?newsid=GLH2627105L&newstype=61&newssource=GLH', 'domain': 'aastocks.com', 'title': '财经新闻 Financial News', 'source_type': 'Retrieved', 'source_bucket': 'Retrieved Sources', 'source_content_chars': 294, 'judge_nli_label': 'neutral', 'judge_nli_score': 3.0, 'judge_nli_reasoning': 'The source content does not provide any information regarding King Charles III or his personal tax bill, making it impossible to determine the relationship with the response chunk.', 'judge_entailed': False, 'bert_nli_label': '', 'bert_nli_confidence': 0.0, 'bert_nli_reasoning': '', 'bert_entailed': False}]"
